Airline,NumFlights,AverageDelay,AverageDelay_CARRIER_DELAY,AverageDelay_WEATHER_DELAY,AverageDelay_NAS_DELAY,AverageDelay_SECURITY_DELAY,AverageDelay_LATE_AIRCRAFT_DELAY,Year,Month
9E,22287.0,8.3,15.55,2.47,17.25,0.02,15.5,2009,1
9E,20200.0,5.67,15.9,3.62,16.95,0.03,15.15,2009,2
9E,22575.0,7.01,19.59,2.64,14.51,0.04,16.65,2009,3
9E,22039.0,6.02,17.9,2.98,15.48,0.02,13.88,2009,4
9E,22023.0,5.39,15.92,2.51,15.72,0.05,12.91,2009,5
9E,22381.0,9.21,20.96,3.51,12.92,0.09,15.9,2009,6
9E,23889.0,10.25,18.03,2.54,13.81,0.02,18.89,2009,7
9E,23063.0,9.92,18.65,2.43,14.36,0.04,18.25,2009,8
9E,41650.0,5.84,17.04,2.85,15.82,0.02,13.02,2009,9
9E,31137.5,5.26,18.53,2.71,14.17,0.03,14.84,2009,10
9E,20625.0,4.68,20.02,2.57,12.52,0.04,16.66,2009,11
9E,21537.0,10.49,16.54,2.2,15.61,0.03,15.98,2009,12
9E,21875.0,10.47,16.76,3.03,15.93,0.08,15.82,2010,1
9E,20404.0,15.65,18.39,2.46,16.25,0.13,20.77,2010,2
9E,23057.0,8.06,20.89,3.16,12.86,0.14,17.72,2010,3
9E,21926.0,6.54,20.11,1.96,13.08,0.03,15.29,2010,4
9E,22423.0,10.66,15.99,3.54,14.79,0.09,19.13,2010,5
9E,22858.0,13.59,20.32,2.81,11.99,0.04,23.21,2010,6
9E,23503.0,12.4,19.98,2.77,11.5,0.05,21.65,2010,7
9E,23513.0,8.95,20.23,1.89,9.79,0.05,19.51,2010,8
9E,20114.0,7.35,17.39,1.96,13.1,0.01,19.44,2010,9
9E,20698.0,6.84,20.71,1.59,11.88,0.03,19.13,2010,10
9E,20307.0,6.92,20.21,1.35,10.86,0.07,17.28,2010,11
9E,20686.0,16.47,21.03,2.48,12.84,0.01,22.29,2010,12
9E,20804.88,16.31,21.31,2.52,12.86,0.01,22.27,2011,1
9E,20923.76,16.16,21.59,2.55,12.89,0.01,22.24,2011,2
9E,21042.64,16.0,21.87,2.59,12.91,0.02,22.22,2011,3
9E,21161.52,15.85,22.14,2.63,12.94,0.02,22.19,2011,4
9E,21280.4,15.69,22.42,2.66,12.96,0.02,22.17,2011,5
9E,21399.28,15.54,22.7,2.7,12.99,0.02,22.15,2011,6
9E,21518.16,15.38,22.98,2.74,13.01,0.02,22.12,2011,7
9E,21637.04,15.23,23.26,2.77,13.04,0.03,22.1,2011,8
9E,21755.92,15.07,23.54,2.81,13.06,0.03,22.07,2011,9
9E,21874.8,14.91,23.81,2.85,13.09,0.03,22.05,2011,10
9E,21993.68,14.76,24.09,2.88,13.11,0.03,22.03,2011,11
9E,22112.56,14.6,24.37,2.92,13.14,0.03,22.0,2011,12
9E,22231.44,14.45,24.65,2.96,13.16,0.04,21.98,2012,1
9E,22350.32,14.29,24.93,3.0,13.19,0.04,21.95,2012,2
9E,22469.2,14.14,25.21,3.03,13.21,0.04,21.93,2012,3
9E,22588.08,13.98,25.48,3.07,13.24,0.04,21.91,2012,4
9E,22706.96,13.82,25.76,3.11,13.26,0.04,21.88,2012,5
9E,22825.84,13.67,26.04,3.14,13.29,0.05,21.86,2012,6
9E,22944.72,13.51,26.32,3.18,13.31,0.05,21.83,2012,7
9E,23063.6,13.36,26.6,3.22,13.34,0.05,21.81,2012,8
9E,23182.48,13.2,26.88,3.25,13.36,0.05,21.79,2012,9
9E,23301.36,13.05,27.15,3.29,13.39,0.05,21.76,2012,10
9E,23420.24,12.89,27.43,3.33,13.41,0.06,21.74,2012,11
9E,23539.12,12.74,27.71,3.36,13.44,0.06,21.71,2012,12
9E,23658.0,12.58,27.99,3.4,13.46,0.06,21.69,2013,1
9E,21309.0,11.17,21.59,3.16,15.98,0.13,19.57,2013,2
9E,27041.0,10.26,8.47,0.54,41.09,0.01,7.37,2013,3
9E,26125.0,11.57,22.67,3.17,15.42,0.05,23.51,2013,4
9E,25750.0,10.85,20.77,2.26,16.16,0.06,21.33,2013,5
9E,26055.0,16.43,22.14,3.54,15.46,0.09,28.32,2013,6
9E,26813.0,16.47,22.58,2.99,15.52,0.04,26.21,2013,7
9E,27095.0,9.04,21.61,1.85,12.78,0.06,19.63,2013,8
9E,23253.0,5.67,22.01,1.9,12.83,0.09,15.02,2013,9
9E,24882.0,5.89,24.05,1.29,11.36,0.13,15.12,2013,10
9E,22476.0,5.72,18.81,2.27,14.5,0.0,14.52,2013,11
9E,22244.0,15.67,19.28,3.02,16.63,0.07,22.89,2013,12
9E,22162.16,15.69,19.4,3.22,16.67,0.07,23.0,2014,1
9E,22080.33,15.71,19.53,3.42,16.71,0.07,23.11,2014,2
9E,21998.49,15.73,19.65,3.61,16.76,0.07,23.22,2014,3
9E,21916.65,15.76,19.77,3.81,16.8,0.06,23.32,2014,4
9E,21834.82,15.78,19.9,4.01,16.84,0.06,23.43,2014,5
9E,21752.98,15.8,20.02,4.21,16.88,0.06,23.54,2014,6
9E,21671.14,15.82,20.14,4.41,16.92,0.06,23.65,2014,7
9E,21589.31,15.84,20.27,4.61,16.96,0.06,23.76,2014,8
9E,21507.47,15.86,20.39,4.8,17.01,0.06,23.87,2014,9
9E,21425.63,15.89,20.51,5.0,17.05,0.06,23.98,2014,10
9E,21343.8,15.91,20.64,5.2,17.09,0.05,24.08,2014,11
9E,21261.96,15.93,20.76,5.4,17.13,0.05,24.19,2014,12
9E,21180.12,15.95,20.89,5.6,17.17,0.05,24.3,2015,1
9E,21098.29,15.97,21.01,5.79,17.22,0.05,24.41,2015,2
9E,21016.45,15.99,21.13,5.99,17.26,0.05,24.52,2015,3
9E,20934.61,16.02,21.26,6.19,17.3,0.05,24.63,2015,4
9E,20852.78,16.04,21.38,6.39,17.34,0.05,24.74,2015,5
9E,20770.94,16.06,21.5,6.59,17.38,0.04,24.84,2015,6
9E,20689.1,16.08,21.63,6.79,17.42,0.04,24.95,2015,7
9E,20607.27,16.1,21.75,6.98,17.47,0.04,25.06,2015,8
9E,20525.43,16.12,21.87,7.18,17.51,0.04,25.17,2015,9
9E,20443.59,16.15,22.0,7.38,17.55,0.04,25.28,2015,10
9E,20361.76,16.17,22.12,7.58,17.59,0.04,25.39,2015,11
9E,20279.92,16.19,22.24,7.78,17.63,0.04,25.5,2015,12
9E,20198.08,16.21,22.37,7.97,17.68,0.03,25.6,2016,1
9E,20116.24,16.23,22.49,8.17,17.72,0.03,25.71,2016,2
9E,20034.41,16.25,22.61,8.37,17.76,0.03,25.82,2016,3
9E,19952.57,16.28,22.74,8.57,17.8,0.03,25.93,2016,4
9E,19870.73,16.3,22.86,8.77,17.84,0.03,26.04,2016,5
9E,19788.9,16.32,22.98,8.96,17.89,0.03,26.15,2016,6
9E,19707.06,16.34,23.11,9.16,17.93,0.03,26.26,2016,7
9E,19625.22,16.36,23.23,9.36,17.97,0.02,26.36,2016,8
9E,19543.39,16.38,23.35,9.56,18.01,0.02,26.47,2016,9
9E,19461.55,16.41,23.48,9.76,18.05,0.02,26.58,2016,10
9E,19379.71,16.43,23.6,9.96,18.09,0.02,26.69,2016,11
9E,19297.88,16.45,23.72,10.15,18.14,0.02,26.8,2016,12
9E,19216.04,16.47,23.85,10.35,18.18,0.02,26.91,2017,1
9E,19134.2,16.49,23.97,10.55,18.22,0.02,27.02,2017,2
9E,19052.37,16.51,24.1,10.75,18.26,0.01,27.12,2017,3
9E,18970.53,16.54,24.22,10.95,18.3,0.01,27.23,2017,4
9E,18888.69,16.56,24.34,11.14,18.35,0.01,27.34,2017,5
9E,18806.86,16.58,24.47,11.34,18.39,0.01,27.45,2017,6
9E,18725.02,16.6,24.59,11.54,18.43,0.01,27.56,2017,7
9E,18643.18,16.62,24.71,11.74,18.47,0.01,27.67,2017,8
9E,18561.35,16.64,24.84,11.94,18.51,0.01,27.78,2017,9
9E,18479.51,16.67,24.96,12.14,18.55,0.0,27.88,2017,10
9E,18397.67,16.69,25.08,12.33,18.6,0.0,27.99,2017,11
9E,18315.84,16.71,25.21,12.53,18.64,0.0,28.1,2017,12
9E,18234.0,16.73,25.33,12.73,18.68,0.0,28.21,2018,1
9E,17375.0,17.66,25.22,8.53,19.24,0.0,33.62,2018,2
9E,21272.0,12.59,22.29,2.34,14.17,0.08,24.92,2018,3
9E,20901.0,16.07,19.21,4.97,20.33,0.01,34.54,2018,4
9E,21097.0,12.98,22.12,6.64,20.89,0.0,26.44,2018,5
9E,21948.0,14.9,20.34,5.41,20.68,0.02,30.42,2018,6
9E,21462.0,17.38,16.65,6.1,29.41,0.0,32.88,2018,7
9E,22820.0,20.02,20.37,5.65,32.12,0.03,33.42,2018,8
9E,19676.0,12.46,16.91,4.16,26.27,0.0,27.32,2018,9
9E,20943.0,10.04,15.62,2.35,18.17,0.02,25.39,2018,10
9E,19499.0,14.48,16.5,4.05,18.38,0.05,29.51,2018,11
9E,20690.0,14.1,23.16,6.45,15.45,0.07,35.56,2018,12
AA,47739.0,12.8,17.74,6.28,15.3,0.02,18.01,2009,1
AA,42915.0,9.79,21.01,1.47,16.69,0.01,15.73,2009,2
AA,47819.0,12.41,21.21,2.1,17.7,0.01,17.69,2009,3
AA,45605.0,15.53,18.18,2.93,21.59,0.01,22.94,2009,4
AA,46622.0,12.23,17.99,3.16,19.17,0.02,18.85,2009,5
AA,46140.0,18.45,21.66,5.54,16.68,0.02,21.21,2009,6
AA,47674.0,16.3,21.47,3.96,13.94,0.02,20.8,2009,7
AA,47470.0,13.03,19.6,4.48,13.29,0.1,19.56,2009,8
AA,88270.0,8.13,23.33,3.63,13.51,0.02,16.32,2009,9
AA,66003.5,7.66,24.22,2.3,12.5,0.02,15.15,2009,10
AA,43737.0,7.18,25.12,0.97,11.48,0.01,13.98,2009,11
AA,46065.0,16.15,17.99,6.15,17.2,0.08,19.19,2009,12
AA,46571.0,10.6,20.12,3.04,13.14,0.29,15.22,2010,1
AA,42303.0,12.8,20.11,4.42,15.91,0.03,16.49,2010,2
AA,47300.0,13.76,19.36,4.43,16.3,0.02,18.13,2010,3
AA,44684.0,9.84,22.57,2.85,13.26,0.04,16.81,2010,4
AA,45522.0,13.53,17.59,4.27,18.45,0.03,19.76,2010,5
AA,44892.0,14.69,18.79,4.18,16.52,0.01,20.15,2010,6
AA,46413.0,12.82,20.86,3.24,13.67,0.02,18.05,2010,7
AA,46360.0,11.6,24.77,2.99,12.38,0.05,18.12,2010,8
AA,43423.0,9.02,19.61,3.69,15.28,0.05,15.34,2010,9
AA,44674.0,7.7,19.99,3.42,15.6,0.05,15.25,2010,10
AA,43165.0,7.82,19.05,2.27,13.79,0.01,14.2,2010,11
AA,45656.0,10.93,19.13,3.62,16.31,0.15,15.43,2010,12
AA,46151.0,10.41,20.04,3.79,12.83,0.01,16.04,2011,1
AA,41813.0,13.29,17.21,5.59,14.04,0.06,17.06,2011,2
AA,46705.0,10.67,22.31,1.77,14.68,0.02,16.87,2011,3
AA,45130.0,15.52,16.23,4.72,19.14,0.01,21.1,2011,4
AA,46088.0,17.3,19.39,7.43,18.12,0.01,23.62,2011,5
AA,91518.0,13.14,22.35,3.8,13.67,0.05,18.75,2011,6
AA,69214.5,13.34,22.39,4.0,13.48,0.05,19.34,2011,7
AA,46911.0,13.53,22.43,4.21,13.29,0.05,19.93,2011,8
AA,43560.0,10.03,22.61,3.6,13.79,0.02,16.51,2011,9
AA,44463.0,8.71,21.16,2.07,12.64,0.03,14.41,2011,10
AA,41465.0,9.13,19.15,1.29,15.65,0.0,13.11,2011,11
AA,42885.0,9.39,22.22,2.03,11.28,0.0,13.58,2011,12
AA,43731.0,8.12,21.48,2.65,13.22,0.06,12.8,2012,1
AA,41841.0,7.17,22.56,1.37,12.02,0.03,14.79,2012,2
AA,46109.0,11.13,17.21,3.3,13.79,0.03,23.15,2012,3
AA,43817.0,10.1,17.53,7.33,11.64,0.02,25.85,2012,4
AA,45129.0,12.52,16.91,6.54,15.38,0.03,25.65,2012,5
AA,43545.0,12.2,20.51,6.24,14.49,0.08,21.39,2012,6
AA,44752.0,13.86,18.21,4.88,16.97,0.01,21.64,2012,7
AA,44634.0,13.9,18.9,3.3,13.59,0.11,22.52,2012,8
AA,41825.0,21.99,22.89,1.02,11.02,0.04,22.94,2012,9
AA,43135.0,14.04,18.1,0.72,12.15,0.01,17.12,2012,10
AA,41960.0,10.84,20.2,0.62,9.98,0.02,17.59,2012,11
AA,44742.0,14.12,18.78,2.88,11.94,0.02,21.86,2012,12
AA,44848.0,11.37,17.73,2.78,11.4,0.13,19.41,2013,1
AA,40792.0,11.86,17.26,2.91,11.72,0.01,20.81,2013,2
AA,45602.0,11.1,17.21,2.93,12.96,0.03,23.49,2013,3
AA,44265.0,18.09,19.44,2.52,16.6,0.01,28.46,2013,4
AA,45703.0,15.15,16.66,4.2,16.69,0.02,27.39,2013,5
AA,45263.0,20.91,17.19,4.46,13.84,0.03,31.98,2013,6
AA,47225.0,15.65,16.85,2.87,13.07,0.0,25.31,2013,7
AA,46924.0,11.3,18.09,2.97,12.11,0.04,22.8,2013,8
AA,43110.0,10.43,20.08,3.06,12.54,0.01,24.2,2013,9
AA,45219.0,9.59,17.57,1.1,10.06,0.0,20.11,2013,10
AA,43203.0,10.0,18.62,1.27,10.11,0.52,21.59,2013,11
AA,45737.0,15.17,16.79,5.0,10.96,0.02,22.27,2013,12
AA,45401.0,13.73,19.14,5.44,9.83,0.01,22.25,2014,1
AA,41036.0,13.57,18.25,3.9,14.72,0.01,22.52,2014,2
AA,46270.0,11.09,18.53,2.56,13.17,0.04,22.37,2014,3
AA,43570.0,10.09,19.09,2.24,14.39,0.02,21.97,2014,4
AA,45664.0,13.69,18.12,6.17,15.41,0.02,23.53,2014,5
AA,45825.0,19.89,16.72,4.85,14.64,0.02,29.57,2014,6
AA,47450.0,15.79,17.42,3.7,13.45,0.03,25.29,2014,7
AA,46166.0,15.58,18.29,4.7,13.07,0.02,25.33,2014,8
AA,43271.0,9.89,19.26,0.78,14.74,0.07,19.14,2014,9
AA,45113.0,13.37,16.71,2.56,18.2,0.11,23.06,2014,10
AA,42541.0,12.83,19.23,2.26,10.9,0.05,25.1,2014,11
AA,45390.0,15.41,20.46,0.6,11.16,0.04,24.55,2014,12
AA,44059.0,13.56,21.38,2.6,10.54,0.07,23.7,2015,1
AA,39835.0,13.16,21.0,6.47,15.65,0.06,20.12,2015,2
AA,45966.0,13.82,22.72,1.89,11.15,0.04,22.57,2015,3
AA,44770.0,13.59,19.5,5.35,14.57,0.05,24.84,2015,4
AA,44710.0,14.06,20.91,7.18,14.06,0.05,24.41,2015,5
AA,44360.0,16.68,22.7,3.71,13.92,0.06,27.52,2015,6
AA,81434.0,12.36,19.4,2.41,13.27,0.1,23.14,2015,7
AA,79748.0,12.09,22.13,2.98,13.77,0.18,20.67,2015,8
AA,73379.0,8.34,21.75,2.6,13.15,0.12,17.49,2015,9
AA,77290.0,8.39,21.69,3.38,13.75,0.11,18.9,2015,10
AA,73871.0,9.55,20.06,3.5,14.11,0.38,19.13,2015,11
AA,76562.0,11.92,20.95,3.29,14.28,0.17,20.02,2015,12
AA,75580.0,10.28,23.49,2.91,11.84,0.12,17.53,2016,1
AA,71440.0,9.53,20.01,2.96,17.03,0.09,19.31,2016,2
AA,79119.0,10.85,19.21,2.26,14.3,0.21,21.3,2016,3
AA,74859.0,9.27,20.11,3.08,15.63,0.1,19.93,2016,4
AA,78678.0,11.47,20.76,4.77,15.43,0.11,21.55,2016,5
AA,79648.0,17.56,21.8,3.92,14.35,0.09,26.63,2016,6
AA,81678.0,18.98,21.34,4.1,16.1,0.1,27.24,2016,7
AA,80241.0,17.6,21.95,4.09,16.38,0.2,24.94,2016,8
AA,72460.0,9.29,19.46,2.71,15.85,0.08,18.25,2016,9
AA,75171.0,7.87,19.61,0.65,14.34,0.1,16.65,2016,10
AA,71819.0,7.66,17.49,0.78,15.17,0.14,17.2,2016,11
AA,73802.0,12.19,20.38,2.68,13.87,0.13,22.23,2016,12
AA,73132.0,10.75,18.74,2.35,15.37,0.18,18.74,2017,1
AA,67123.0,8.05,20.93,1.72,15.43,0.05,17.81,2017,2
AA,78114.0,10.91,19.87,1.26,14.68,0.11,21.1,2017,3
AA,73656.0,12.86,18.91,1.96,18.4,0.07,24.83,2017,4
AA,77328.0,11.44,18.39,1.21,18.0,0.09,21.32,2017,5
AA,77129.0,16.81,18.88,3.92,17.63,0.1,26.61,2017,6
AA,79403.0,17.44,20.69,4.66,16.07,0.17,27.0,2017,7
AA,79269.0,12.63,18.68,2.74,16.2,0.15,21.92,2017,8
AA,72061.0,7.7,21.4,2.5,14.41,0.16,17.91,2017,9
AA,75712.0,8.33,20.32,1.11,14.88,0.14,18.62,2017,10
AA,69677.0,6.68,21.91,0.73,10.97,0.57,17.77,2017,11
AA,73744.0,10.83,20.68,3.42,14.07,0.1,21.08,2017,12
AA,73598.0,10.31,22.52,3.29,13.36,0.11,20.43,2018,1
AA,68389.0,10.66,18.35,3.0,16.23,0.07,20.44,2018,2
AA,78208.0,9.31,21.75,1.57,10.94,0.13,20.15,2018,3
AA,74384.0,9.96,21.36,2.56,14.0,0.07,21.37,2018,4
AA,77957.0,14.25,20.88,3.74,15.97,0.05,26.51,2018,5
AA,78363.0,16.5,20.14,4.52,13.19,0.06,26.38,2018,6
AA,80736.0,19.33,20.23,4.72,15.07,0.1,27.12,2018,7
AA,80406.0,17.25,20.45,4.29,17.02,0.07,25.09,2018,8
AA,75129.0,12.99,21.15,4.34,17.35,0.6,22.5,2018,9
AA,78963.0,12.82,20.42,3.33,14.21,0.05,24.78,2018,10
AA,74564.0,11.41,21.93,2.67,14.74,0.09,21.07,2018,11
AA,76121.0,10.99,19.69,2.98,13.59,0.13,20.25,2018,12
AS,11212.0,12.51,14.6,2.84,14.29,0.08,18.21,2009,1
AS,10299.0,9.82,12.73,1.89,15.41,0.18,16.04,2009,2
AS,11444.0,11.84,11.58,3.13,14.24,0.15,18.1,2009,3
AS,11060.0,6.59,14.63,0.88,13.82,0.09,13.44,2009,4
AS,11796.0,6.26,14.53,0.56,13.11,0.15,14.07,2009,5
AS,12138.0,6.87,14.57,1.01,11.84,0.14,14.39,2009,6
AS,12786.0,6.65,20.01,1.18,9.51,0.17,15.9,2009,7
AS,12652.0,6.58,15.03,2.15,10.57,0.23,13.69,2009,8
AS,22516.0,4.47,17.98,0.81,11.53,0.08,11.98,2009,9
AS,16499.5,5.04,17.41,1.55,11.6,0.06,14.03,2009,10
AS,10483.0,5.6,16.84,2.29,11.67,0.05,16.08,2009,11
AS,10754.0,8.42,15.29,3.64,14.42,0.09,18.15,2009,12
AS,10532.0,6.61,12.66,2.31,16.93,0.02,15.38,2010,1
AS,9567.0,6.45,13.99,3.49,14.15,0.1,15.92,2010,2
AS,10932.0,6.15,16.86,1.51,13.47,0.31,14.4,2010,3
AS,10696.0,4.35,14.89,1.01,13.14,0.14,15.05,2010,4
AS,11553.0,4.08,16.59,1.03,13.22,0.04,13.04,2010,5
AS,12299.0,5.46,16.43,1.43,12.44,0.04,15.9,2010,6
AS,12903.0,6.08,18.47,2.0,10.21,0.27,18.86,2010,7
AS,12810.0,5.54,16.02,1.59,11.26,0.34,16.57,2010,8
AS,11479.0,4.18,14.87,1.49,12.26,0.09,14.43,2010,9
AS,11622.0,4.9,13.1,1.74,14.4,0.27,13.83,2010,10
AS,11086.0,7.84,14.01,2.6,14.6,0.08,18.06,2010,11
AS,11471.0,9.17,14.24,1.47,14.3,0.12,18.72,2010,12
AS,11376.0,6.62,16.28,1.82,14.95,0.04,16.39,2011,1
AS,10391.0,7.3,13.89,2.07,14.65,0.08,15.38,2011,2
AS,11976.0,10.3,23.07,2.66,12.93,0.11,22.39,2011,3
AS,11754.0,4.82,17.11,0.88,14.68,0.24,14.06,2011,4
AS,12137.0,4.82,17.13,0.88,16.3,0.13,14.6,2011,5
AS,25710.0,4.01,15.41,0.81,13.64,0.14,14.82,2011,6
AS,19512.0,4.45,16.17,0.94,13.3,0.3,15.34,2011,7
AS,13314.0,4.89,16.93,1.06,12.95,0.45,15.86,2011,8
AS,11836.0,4.15,16.17,1.75,12.67,0.49,14.73,2011,9
AS,11933.0,4.02,16.41,0.93,15.12,0.48,12.35,2011,10
AS,11293.0,7.22,15.12,2.93,15.13,0.15,17.72,2011,11
AS,11530.0,5.92,12.96,1.96,14.34,0.1,13.98,2011,12
AS,11394.0,10.01,14.38,7.96,15.74,0.09,20.4,2012,1
AS,10783.0,4.82,15.91,1.12,13.69,0.17,14.7,2012,2
AS,12064.0,7.16,14.53,0.96,16.67,0.13,18.46,2012,3
AS,11899.0,4.44,15.57,0.6,13.44,0.16,15.04,2012,4
AS,12642.0,4.11,15.52,0.99,13.2,0.15,16.51,2012,5
AS,13326.0,5.89,16.51,1.11,12.39,0.14,19.33,2012,6
AS,13851.0,6.34,15.27,3.87,13.24,0.29,19.13,2012,7
AS,13736.0,6.33,18.86,2.85,11.86,0.42,19.95,2012,8
AS,11986.0,5.59,17.28,2.81,12.79,0.25,18.63,2012,9
AS,12066.0,8.61,27.78,1.6,11.93,0.54,25.71,2012,10
AS,11767.0,6.57,18.02,1.17,11.97,0.11,19.88,2012,11
AS,12055.0,7.35,13.3,1.24,15.71,0.04,16.66,2012,12
AS,12020.0,5.54,15.72,1.87,13.95,0.11,12.87,2013,1
AS,10895.0,4.61,18.41,1.66,12.87,0.46,14.83,2013,2
AS,12698.0,6.28,13.29,0.71,14.55,1.21,15.59,2013,3
AS,12571.0,5.43,12.88,0.93,17.04,0.19,14.24,2013,4
AS,13067.0,4.03,11.52,1.43,16.74,0.09,11.94,2013,5
AS,13998.0,5.5,13.76,0.96,15.18,0.12,15.08,2013,6
AS,14762.0,6.18,12.42,1.84,13.77,0.29,15.22,2013,7
AS,14544.0,5.85,13.28,1.68,14.0,0.23,14.21,2013,8
AS,12631.0,5.03,13.57,1.58,14.08,0.19,15.0,2013,9
AS,12638.0,4.44,13.21,2.05,13.49,0.15,15.66,2013,10
AS,12365.0,5.97,14.29,2.1,13.49,0.54,19.7,2013,11
AS,12554.0,6.52,13.67,3.84,13.62,0.14,16.28,2013,12
AS,12403.0,6.1,15.99,3.09,13.87,0.03,19.49,2014,1
AS,11332.0,6.83,13.0,2.87,18.79,0.22,17.4,2014,2
AS,12932.0,6.01,17.24,1.54,12.47,0.26,18.1,2014,3
AS,12672.0,4.75,14.58,0.63,16.67,0.15,17.33,2014,4
AS,13224.0,4.68,12.9,1.1,15.2,0.1,15.94,2014,5
AS,14171.0,6.14,14.1,0.81,13.64,0.18,15.43,2014,6
AS,15009.0,7.13,12.88,1.81,12.76,0.23,17.86,2014,7
AS,15134.0,7.05,13.53,1.93,12.39,0.32,16.46,2014,8
AS,13297.0,6.04,15.5,1.51,14.3,0.16,16.71,2014,9
AS,13398.0,5.21,12.14,1.16,15.25,0.29,12.99,2014,10
AS,13074.0,6.95,11.37,2.19,13.91,0.09,16.78,2014,11
AS,13611.0,9.86,13.83,1.0,16.7,0.14,19.62,2014,12
AS,13257.0,8.05,14.87,3.78,12.03,0.05,20.87,2015,1
AS,12194.0,7.8,15.74,2.11,13.45,0.11,22.56,2015,2
AS,14276.0,7.77,17.31,1.29,12.78,0.16,20.03,2015,3
AS,13974.0,5.33,18.5,1.7,11.82,0.21,16.54,2015,4
AS,14682.0,4.85,12.56,0.72,13.46,0.23,13.85,2015,5
AS,15075.0,6.47,19.3,1.95,9.96,0.16,18.3,2015,6
AS,15821.0,6.93,16.62,1.08,13.77,0.3,17.25,2015,7
AS,16095.0,7.73,12.81,1.63,15.93,0.48,14.83,2015,8
AS,14271.0,5.23,17.73,1.18,12.88,0.75,12.87,2015,9
AS,14467.0,5.1,13.62,1.55,13.81,0.17,14.16,2015,10
AS,13950.0,6.86,14.11,1.62,15.41,0.18,17.1,2015,11
AS,14459.0,7.25,15.15,2.1,14.77,0.26,16.31,2015,12
AS,14205.0,6.57,14.05,2.67,16.11,0.17,16.95,2016,1
AS,13399.0,5.2,17.19,2.32,13.13,0.19,15.25,2016,2
AS,14781.0,6.08,13.81,0.62,15.68,0.32,16.41,2016,3
AS,14662.0,4.72,13.51,0.49,15.59,0.21,13.66,2016,4
AS,15385.0,4.13,14.84,0.74,14.93,0.22,11.74,2016,5
AS,15730.0,6.09,12.99,1.34,16.1,0.24,15.32,2016,6
AS,16256.0,5.03,15.6,1.12,16.64,0.38,11.95,2016,7
AS,16455.0,5.67,13.34,1.42,16.58,0.39,13.48,2016,8
AS,13858.0,4.19,14.8,0.93,16.28,0.25,11.82,2016,9
AS,14088.0,5.54,11.18,1.39,19.34,0.08,15.83,2016,10
AS,13946.0,5.02,14.18,0.82,14.43,0.18,12.59,2016,11
AS,14515.0,11.51,12.66,3.36,18.21,0.17,20.34,2016,12
AS,14711.0,10.49,11.74,3.82,18.62,0.17,19.19,2017,1
AS,13346.0,10.68,14.55,3.33,20.7,0.09,18.63,2017,2
AS,15422.0,8.23,12.25,0.97,16.1,0.26,16.22,2017,3
AS,15261.0,7.82,11.7,0.83,17.67,0.13,15.89,2017,4
AS,16108.0,7.05,11.76,1.41,18.51,0.15,13.35,2017,5
AS,16378.0,7.89,12.99,0.87,17.59,0.22,15.14,2017,6
AS,17027.0,6.74,15.3,1.72,14.01,0.35,14.16,2017,7
AS,16784.0,7.51,11.85,0.89,17.18,0.43,14.14,2017,8
AS,14934.0,5.43,14.39,1.04,15.41,0.12,11.53,2017,9
AS,15076.0,6.47,14.04,0.52,16.91,0.23,15.23,2017,10
AS,14638.0,8.04,13.08,4.16,18.61,0.44,18.78,2017,11
AS,15383.0,7.45,13.48,1.94,14.29,0.49,15.32,2017,12
AS,15312.0,4.9,13.53,1.25,17.27,0.22,13.83,2018,1
AS,14056.0,5.42,12.87,1.82,16.84,0.21,10.93,2018,2
AS,15937.0,4.78,10.99,1.63,15.93,0.31,11.5,2018,3
AS,21987.0,7.23,13.81,0.5,19.04,0.21,13.61,2018,4
AS,22974.0,7.67,12.87,0.92,21.07,0.13,12.04,2018,5
AS,23248.0,7.36,14.23,0.81,17.63,0.21,11.69,2018,6
AS,24329.0,8.18,17.02,0.89,17.89,0.19,13.85,2018,7
AS,23706.0,12.33,14.59,1.08,22.76,0.19,15.27,2018,8
AS,21129.0,6.2,13.06,0.66,20.12,0.17,11.19,2018,9
AS,21634.0,8.65,11.98,1.08,19.0,0.13,15.1,2018,10
AS,20577.0,10.37,11.76,3.45,21.34,0.17,20.19,2018,11
AS,20872.0,8.13,12.02,0.83,19.61,0.16,14.43,2018,12
B6,16261.0,12.55,14.55,1.06,18.64,0.08,20.07,2009,1
B6,15087.0,10.6,15.93,0.28,21.17,0.05,21.55,2009,2
B6,17149.0,11.6,15.74,1.36,23.6,0.03,21.02,2009,3
B6,16899.0,15.91,14.87,2.44,28.12,0.04,21.91,2009,4
B6,16218.0,12.36,16.34,0.45,25.08,0.04,17.37,2009,5
B6,16504.0,18.36,17.66,1.8,29.85,0.01,22.94,2009,6
B6,17480.0,17.74,20.67,1.13,28.26,0.1,24.79,2009,7
B6,17375.0,14.85,20.2,0.85,22.29,0.11,22.25,2009,8
B6,28992.0,5.89,32.62,0.18,15.99,0.02,2.83,2009,9
B6,22181.0,6.02,24.3,0.37,17.04,0.01,9.88,2009,10
B6,15370.0,6.15,15.98,0.56,18.09,0.0,16.92,2009,11
B6,16774.0,18.46,17.61,1.22,16.65,0.11,23.6,2009,12
B6,16250.0,16.33,18.78,0.84,18.51,0.1,28.24,2010,1
B6,15303.0,17.83,16.87,3.85,16.76,0.19,23.83,2010,2
B6,17747.0,17.66,21.35,0.3,16.77,0.16,24.29,2010,3
B6,16846.0,9.37,20.16,1.93,13.96,0.09,19.5,2010,4
B6,16121.0,10.47,19.73,1.4,21.92,0.09,16.11,2010,5
B6,16395.0,12.38,21.92,1.51,18.06,0.01,21.14,2010,6
B6,17806.0,15.69,22.65,1.43,16.02,0.03,22.52,2010,7
B6,17708.0,14.55,22.61,1.05,15.6,0.07,21.63,2010,8
B6,15841.0,12.25,21.81,1.72,21.02,0.03,18.47,2010,9
B6,16538.0,12.75,20.79,0.46,18.22,0.07,18.67,2010,10
B6,16767.0,10.46,19.65,0.17,13.09,0.09,16.03,2010,11
B6,18112.0,22.9,24.95,1.21,15.54,0.08,24.22,2010,12
B6,17121.0,18.06,20.65,0.76,14.72,0.13,22.38,2011,1
B6,15982.0,17.4,18.75,0.55,16.79,0.07,21.98,2011,2
B6,18481.0,17.31,20.74,0.99,18.51,0.05,22.41,2011,3
B6,18212.0,19.07,19.79,1.51,22.72,0.09,21.97,2011,4
B6,17929.0,13.72,16.22,0.83,23.78,0.05,18.71,2011,5
B6,36588.0,17.47,23.23,2.2,19.37,0.05,24.65,2011,6
B6,28049.0,21.34,22.74,2.79,19.57,0.06,28.45,2011,7
B6,19510.0,25.22,22.26,3.38,19.76,0.07,32.25,2011,8
B6,16938.0,12.11,18.42,0.76,20.46,0.07,19.31,2011,9
B6,17460.0,13.16,18.22,1.7,19.24,0.1,19.87,2011,10
B6,17592.0,8.2,18.15,0.27,15.29,0.05,17.5,2011,11
B6,18902.0,10.3,20.25,0.47,14.97,0.08,21.04,2011,12
B6,17857.0,10.47,19.78,0.31,13.19,0.05,20.1,2012,1
B6,17348.0,8.02,19.65,0.1,12.84,0.06,15.96,2012,2
B6,19733.0,11.28,21.1,0.32,11.49,0.04,19.53,2012,3
B6,19134.0,8.09,23.85,0.55,10.22,0.08,17.89,2012,4
B6,18691.0,9.93,18.37,1.63,17.13,0.13,19.06,2012,5
B6,19253.0,16.94,22.73,4.21,15.43,0.22,30.93,2012,6
B6,20821.0,17.75,20.59,4.32,19.12,0.11,29.88,2012,7
B6,20730.0,19.14,22.34,2.96,16.29,0.13,31.48,2012,8
B6,18147.0,10.18,18.73,1.04,20.16,0.04,21.6,2012,9
B6,18584.0,10.54,18.6,0.53,13.91,0.13,16.65,2012,10
B6,18870.0,10.72,21.82,2.54,11.86,0.12,22.43,2012,11
B6,19888.0,19.39,21.51,0.64,14.13,0.09,28.15,2012,12
B6,19291.0,12.59,20.79,0.71,13.39,0.08,19.64,2013,1
B6,17767.0,15.97,19.05,0.54,13.99,0.06,22.33,2013,2
B6,20842.0,17.31,18.98,1.4,15.66,0.16,27.36,2013,3
B6,20036.0,16.56,17.19,0.85,19.29,0.15,22.82,2013,4
B6,20262.0,12.24,16.62,1.6,21.54,0.15,21.23,2013,5
B6,20643.0,21.01,17.66,1.82,23.06,0.13,30.65,2013,6
B6,22146.0,23.89,18.07,1.87,17.21,0.25,31.83,2013,7
B6,21992.0,16.59,18.77,0.7,14.48,0.27,26.41,2013,8
B6,18582.0,10.51,20.24,1.56,17.46,0.3,23.15,2013,9
B6,19382.0,6.69,16.7,0.42,16.6,0.14,15.31,2013,10
B6,19599.0,7.43,17.81,0.42,13.9,0.15,15.24,2013,11
B6,21235.0,18.66,16.81,1.4,14.81,0.18,22.27,2013,12
B6,20219.0,29.54,27.1,8.39,13.32,0.14,33.7,2014,1
B6,18485.0,18.11,18.28,2.26,15.76,0.17,22.76,2014,2
B6,21478.0,11.5,17.04,0.96,14.21,0.07,19.33,2014,3
B6,20974.0,12.09,15.07,0.96,19.89,0.11,20.07,2014,4
B6,21186.0,13.18,17.49,1.59,18.32,0.17,22.12,2014,5
B6,21224.0,12.52,16.4,2.45,17.91,0.1,19.95,2014,6
B6,22575.0,21.73,16.87,3.99,20.62,0.14,27.42,2014,7
B6,22339.0,11.56,16.08,1.65,13.46,0.32,19.02,2014,8
B6,19079.0,6.28,14.05,1.32,19.21,0.15,13.99,2014,9
B6,20113.0,7.96,13.47,1.46,21.59,0.11,15.68,2014,10
B6,20050.0,9.19,14.26,1.22,17.98,0.09,16.85,2014,11
B6,21971.0,9.95,15.47,0.28,16.58,0.2,17.04,2014,12
B6,21623.0,13.38,15.46,1.9,16.34,0.23,21.93,2015,1
B6,19751.0,22.24,19.13,3.15,15.58,0.16,26.33,2015,2
B6,22590.0,18.25,18.64,1.73,19.44,0.08,26.73,2015,3
B6,22020.0,12.12,17.45,1.32,18.3,0.08,22.7,2015,4
B6,22565.0,10.82,19.18,2.34,20.95,0.16,20.78,2015,5
B6,22558.0,14.69,16.36,2.31,22.29,0.08,24.81,2015,6
B6,24029.0,14.3,16.69,1.73,16.25,0.09,24.11,2015,7
B6,23826.0,17.27,18.48,2.97,14.55,0.67,27.0,2015,8
B6,21133.0,11.15,16.75,1.97,16.73,0.11,19.14,2015,9
B6,21913.0,10.79,18.15,0.98,15.74,0.07,17.93,2015,10
B6,21697.0,10.16,19.24,0.5,14.78,0.2,18.43,2015,11
B6,23343.0,20.49,21.0,1.62,13.08,0.24,29.03,2015,12
B6,23018.0,17.37,19.89,1.96,11.06,0.19,24.98,2016,1
B6,21776.0,23.53,22.31,4.4,16.52,0.13,35.34,2016,2
B6,23825.0,15.3,19.46,1.08,14.38,0.27,25.46,2016,3
B6,23187.0,14.61,21.35,0.78,15.78,0.14,29.43,2016,4
B6,24240.0,11.75,18.75,2.09,13.18,0.14,20.11,2016,5
B6,23845.0,16.5,17.75,1.91,17.5,0.18,25.6,2016,6
B6,24927.0,24.42,21.13,3.6,19.99,0.16,31.1,2016,7
B6,24728.0,19.12,19.27,2.75,17.42,0.24,29.3,2016,8
B6,22396.0,12.27,15.8,1.99,16.02,0.19,23.08,2016,9
B6,23229.0,12.83,18.38,1.21,13.18,0.13,21.26,2016,10
B6,22974.0,9.62,20.79,0.36,14.13,0.09,19.28,2016,11
B6,24328.0,19.1,20.49,1.69,13.26,0.32,29.98,2016,12
B6,24602.0,17.97,20.3,1.44,15.22,0.31,29.28,2017,1
B6,22511.0,15.18,18.22,1.45,14.52,0.15,24.47,2017,2
B6,25975.0,18.93,19.66,0.82,19.82,0.08,27.47,2017,3
B6,25191.0,21.84,20.05,0.85,22.58,0.1,33.45,2017,4
B6,25519.0,27.57,21.2,0.8,25.02,0.12,33.94,2017,5
B6,25333.0,32.59,20.9,2.64,20.79,0.1,38.57,2017,6
B6,26436.0,28.75,22.15,2.45,19.79,0.1,36.11,2017,7
B6,26194.0,22.42,22.19,2.23,16.43,0.2,30.41,2017,8
B6,23957.0,16.9,20.48,2.12,21.02,0.1,27.6,2017,9
B6,24285.0,13.78,17.76,1.4,24.02,0.14,23.58,2017,10
B6,23664.0,7.94,19.33,0.25,13.65,0.74,17.25,2017,11
B6,24987.0,17.71,22.39,1.93,13.51,0.14,29.43,2017,12
B6,24871.0,24.11,27.81,2.08,12.73,0.17,33.37,2018,1
B6,22847.0,15.47,22.79,0.74,12.7,0.08,22.39,2018,2
B6,26500.0,20.61,22.96,1.3,10.62,0.14,25.6,2018,3
B6,25836.0,22.7,21.76,1.61,14.87,0.08,31.88,2018,4
B6,26513.0,19.13,20.59,1.43,15.54,0.12,27.04,2018,5
B6,25860.0,17.45,19.0,2.26,14.92,0.1,26.47,2018,6
B6,26671.0,24.3,19.61,3.6,20.31,0.1,32.59,2018,7
B6,26623.0,26.19,21.55,2.87,22.53,0.21,35.01,2018,8
B6,24427.0,14.04,18.06,2.32,21.75,0.06,23.06,2018,9
B6,24923.0,12.63,20.09,0.86,18.53,0.04,20.24,2018,10
B6,24589.0,19.66,24.23,0.93,17.32,0.11,27.07,2018,11
B6,25350.0,18.97,28.31,0.42,13.58,0.09,29.1,2018,12
CO,21298.0,10.91,12.32,2.79,23.87,0.28,9.68,2009,1
CO,19868.0,12.4,10.9,2.26,32.56,0.16,10.64,2009,2
CO,22952.0,13.57,11.75,2.27,26.8,0.12,13.02,2009,3
CO,22040.0,19.93,14.49,4.96,32.86,0.15,19.2,2009,4
CO,21950.0,9.49,11.77,1.52,29.78,0.07,9.35,2009,5
CO,22171.0,12.78,12.24,3.19,31.3,0.14,15.23,2009,6
CO,23193.0,13.72,15.06,2.91,24.31,0.2,16.77,2009,7
CO,22905.0,11.67,16.83,2.27,23.39,0.32,15.21,2009,8
CO,38474.0,4.98,13.83,0.74,19.59,0.16,6.59,2009,9
CO,29346.0,6.9,15.65,0.83,19.72,0.12,9.96,2009,10
CO,20218.0,8.83,17.47,0.92,19.85,0.08,13.32,2009,11
CO,21377.0,16.18,14.08,4.39,19.22,0.4,14.42,2009,12
CO,19651.0,10.37,14.63,1.64,19.69,2.69,12.09,2010,1
CO,18438.0,9.4,11.56,3.06,18.23,0.45,9.61,2010,2
CO,20457.0,11.85,13.47,1.6,20.97,0.47,11.92,2010,3
CO,19460.0,6.78,14.8,0.79,16.43,0.4,7.44,2010,4
CO,19927.0,10.0,16.9,2.7,22.71,0.13,12.05,2010,5
CO,20283.0,9.95,14.03,2.0,19.28,0.26,12.01,2010,6
CO,20881.0,13.77,14.91,3.2,21.12,0.21,15.45,2010,7
CO,20601.0,8.12,17.97,2.24,18.6,0.3,11.45,2010,8
CO,18585.0,6.55,14.86,2.82,23.14,0.08,9.43,2010,9
CO,20092.0,6.79,13.08,0.81,23.93,0.09,7.66,2010,10
CO,19778.0,7.34,12.89,0.49,20.05,0.13,7.57,2010,11
CO,21118.0,16.9,17.74,4.86,19.23,0.16,17.29,2010,12
CO,19900.0,11.21,14.95,5.29,18.91,0.36,10.29,2011,1
CO,18436.0,10.53,13.76,3.79,21.78,0.18,11.44,2011,2
CO,21338.0,10.94,13.78,1.85,19.79,0.17,12.86,2011,3
CO,20203.0,13.26,12.1,1.42,25.66,0.12,11.9,2011,4
CO,20444.0,11.97,13.86,1.88,24.54,0.13,11.12,2011,5
CO,42130.0,13.84,17.14,2.76,19.85,0.16,14.1,2011,6
CO,31863.0,14.16,18.33,2.64,20.22,0.17,14.42,2011,7
CO,21596.0,14.48,19.52,2.51,20.58,0.18,14.73,2011,8
CO,19027.0,8.43,14.14,1.42,22.0,0.08,8.66,2011,9
CO,20580.0,8.84,15.26,1.93,19.27,0.12,9.61,2011,10
CO,20072.0,8.42,12.78,1.42,18.07,0.02,10.53,2011,11
CO,21055.0,10.46,15.07,0.94,15.93,0.0,11.16,2011,12
CO,21055.0,10.46,15.07,0.94,15.93,0.0,11.16,2012,1
CO,21055.0,10.46,15.07,0.94,15.93,0.0,11.16,2012,2
CO,21055.0,10.46,15.07,0.94,15.93,0.0,11.16,2012,3
CO,21055.0,10.46,15.07,0.94,15.93,0.0,11.16,2012,4
CO,21055.0,10.46,15.07,0.94,15.93,0.0,11.16,2012,5
CO,21055.0,10.46,15.07,0.94,15.93,0.0,11.16,2012,6
CO,21055.0,10.46,15.07,0.94,15.93,0.0,11.16,2012,7
CO,21055.0,10.46,15.07,0.94,15.93,0.0,11.16,2012,8
CO,21055.0,10.46,15.07,0.94,15.93,0.0,11.16,2012,9
CO,21055.0,10.46,15.07,0.94,15.93,0.0,11.16,2012,10
CO,21055.0,10.46,15.07,0.94,15.93,0.0,11.16,2012,11
CO,21055.0,10.46,15.07,0.94,15.93,0.0,11.16,2012,12
CO,21055.0,10.46,15.07,0.94,15.93,0.0,11.16,2013,1
CO,21055.0,10.46,15.07,0.94,15.93,0.0,11.16,2013,2
CO,21055.0,10.46,15.07,0.94,15.93,0.0,11.16,2013,3
CO,21055.0,10.46,15.07,0.94,15.93,0.0,11.16,2013,4
CO,21055.0,10.46,15.07,0.94,15.93,0.0,11.16,2013,5
CO,21055.0,10.46,15.07,0.94,15.93,0.0,11.16,2013,6
CO,21055.0,10.46,15.07,0.94,15.93,0.0,11.16,2013,7
CO,21055.0,10.46,15.07,0.94,15.93,0.0,11.16,2013,8
CO,21055.0,10.46,15.07,0.94,15.93,0.0,11.16,2013,9
CO,21055.0,10.46,15.07,0.94,15.93,0.0,11.16,2013,10
CO,21055.0,10.46,15.07,0.94,15.93,0.0,11.16,2013,11
CO,21055.0,10.46,15.07,0.94,15.93,0.0,11.16,2013,12
CO,21055.0,10.46,15.07,0.94,15.93,0.0,11.16,2014,1
CO,21055.0,10.46,15.07,0.94,15.93,0.0,11.16,2014,2
CO,21055.0,10.46,15.07,0.94,15.93,0.0,11.16,2014,3
CO,21055.0,10.46,15.07,0.94,15.93,0.0,11.16,2014,4
CO,21055.0,10.46,15.07,0.94,15.93,0.0,11.16,2014,5
CO,21055.0,10.46,15.07,0.94,15.93,0.0,11.16,2014,6
CO,21055.0,10.46,15.07,0.94,15.93,0.0,11.16,2014,7
CO,21055.0,10.46,15.07,0.94,15.93,0.0,11.16,2014,8
CO,21055.0,10.46,15.07,0.94,15.93,0.0,11.16,2014,9
CO,21055.0,10.46,15.07,0.94,15.93,0.0,11.16,2014,10
CO,21055.0,10.46,15.07,0.94,15.93,0.0,11.16,2014,11
CO,21055.0,10.46,15.07,0.94,15.93,0.0,11.16,2014,12
CO,21055.0,10.46,15.07,0.94,15.93,0.0,11.16,2015,1
CO,21055.0,10.46,15.07,0.94,15.93,0.0,11.16,2015,2
CO,21055.0,10.46,15.07,0.94,15.93,0.0,11.16,2015,3
CO,21055.0,10.46,15.07,0.94,15.93,0.0,11.16,2015,4
CO,21055.0,10.46,15.07,0.94,15.93,0.0,11.16,2015,5
CO,21055.0,10.46,15.07,0.94,15.93,0.0,11.16,2015,6
CO,21055.0,10.46,15.07,0.94,15.93,0.0,11.16,2015,7
CO,21055.0,10.46,15.07,0.94,15.93,0.0,11.16,2015,8
CO,21055.0,10.46,15.07,0.94,15.93,0.0,11.16,2015,9
CO,21055.0,10.46,15.07,0.94,15.93,0.0,11.16,2015,10
CO,21055.0,10.46,15.07,0.94,15.93,0.0,11.16,2015,11
CO,21055.0,10.46,15.07,0.94,15.93,0.0,11.16,2015,12
CO,21055.0,10.46,15.07,0.94,15.93,0.0,11.16,2016,1
CO,21055.0,10.46,15.07,0.94,15.93,0.0,11.16,2016,2
CO,21055.0,10.46,15.07,0.94,15.93,0.0,11.16,2016,3
CO,21055.0,10.46,15.07,0.94,15.93,0.0,11.16,2016,4
CO,21055.0,10.46,15.07,0.94,15.93,0.0,11.16,2016,5
CO,21055.0,10.46,15.07,0.94,15.93,0.0,11.16,2016,6
CO,21055.0,10.46,15.07,0.94,15.93,0.0,11.16,2016,7
CO,21055.0,10.46,15.07,0.94,15.93,0.0,11.16,2016,8
CO,21055.0,10.46,15.07,0.94,15.93,0.0,11.16,2016,9
CO,21055.0,10.46,15.07,0.94,15.93,0.0,11.16,2016,10
CO,21055.0,10.46,15.07,0.94,15.93,0.0,11.16,2016,11
CO,21055.0,10.46,15.07,0.94,15.93,0.0,11.16,2016,12
CO,21055.0,10.46,15.07,0.94,15.93,0.0,11.16,2017,1
CO,21055.0,10.46,15.07,0.94,15.93,0.0,11.16,2017,2
CO,21055.0,10.46,15.07,0.94,15.93,0.0,11.16,2017,3
CO,21055.0,10.46,15.07,0.94,15.93,0.0,11.16,2017,4
CO,21055.0,10.46,15.07,0.94,15.93,0.0,11.16,2017,5
CO,21055.0,10.46,15.07,0.94,15.93,0.0,11.16,2017,6
CO,21055.0,10.46,15.07,0.94,15.93,0.0,11.16,2017,7
CO,21055.0,10.46,15.07,0.94,15.93,0.0,11.16,2017,8
CO,21055.0,10.46,15.07,0.94,15.93,0.0,11.16,2017,9
CO,21055.0,10.46,15.07,0.94,15.93,0.0,11.16,2017,10
CO,21055.0,10.46,15.07,0.94,15.93,0.0,11.16,2017,11
CO,21055.0,10.46,15.07,0.94,15.93,0.0,11.16,2017,12
CO,21055.0,10.46,15.07,0.94,15.93,0.0,11.16,2018,1
CO,21055.0,10.46,15.07,0.94,15.93,0.0,11.16,2018,2
CO,21055.0,10.46,15.07,0.94,15.93,0.0,11.16,2018,3
CO,21055.0,10.46,15.07,0.94,15.93,0.0,11.16,2018,4
CO,21055.0,10.46,15.07,0.94,15.93,0.0,11.16,2018,5
CO,21055.0,10.46,15.07,0.94,15.93,0.0,11.16,2018,6
CO,21055.0,10.46,15.07,0.94,15.93,0.0,11.16,2018,7
CO,21055.0,10.46,15.07,0.94,15.93,0.0,11.16,2018,8
CO,21055.0,10.46,15.07,0.94,15.93,0.0,11.16,2018,9
CO,21055.0,10.46,15.07,0.94,15.93,0.0,11.16,2018,10
CO,21055.0,10.46,15.07,0.94,15.93,0.0,11.16,2018,11
CO,21055.0,10.46,15.07,0.94,15.93,0.0,11.16,2018,12
DL,36066.0,7.94,10.77,1.79,18.65,0.02,12.62,2009,1
DL,32600.0,6.47,10.67,1.63,21.88,0.02,10.93,2009,2
DL,36764.0,11.21,12.04,2.41,21.27,0.0,16.48,2009,3
DL,35184.0,11.61,14.97,2.95,22.56,0.01,18.07,2009,4
DL,35230.0,8.31,10.2,0.88,20.45,0.0,12.35,2009,5
DL,35467.0,12.11,15.76,1.76,22.56,0.02,16.46,2009,6
DL,37145.0,13.22,16.9,2.2,21.28,0.02,19.73,2009,7
DL,37146.0,10.37,15.49,1.41,19.49,0.0,15.19,2009,8
DL,69376.0,8.72,16.65,2.41,21.47,0.03,14.99,2009,9
DL,52577.0,7.44,15.85,1.43,20.75,0.02,12.73,2009,10
DL,35778.0,6.16,15.05,0.45,20.03,0.01,10.46,2009,11
DL,35280.0,10.69,14.46,1.94,19.23,0.06,13.99,2009,12
DL,56998.0,10.11,21.03,4.49,17.71,0.06,13.67,2010,1
DL,52920.0,12.28,20.29,4.11,15.39,0.08,16.8,2010,2
DL,60302.0,11.67,21.27,2.91,15.88,0.03,17.76,2010,3
DL,59251.0,8.08,20.38,1.77,14.56,0.02,13.56,2010,4
DL,61358.0,12.74,18.37,3.02,17.55,0.01,16.63,2010,5
DL,64016.0,16.71,20.73,2.62,14.41,0.02,18.79,2010,6
DL,65833.0,18.09,22.29,2.66,14.31,0.03,20.87,2010,7
DL,65900.0,12.47,19.64,1.84,15.03,0.01,17.59,2010,8
DL,61719.0,8.48,16.42,1.03,15.28,0.01,14.1,2010,9
DL,63436.0,9.64,18.14,2.25,16.32,0.01,17.53,2010,10
DL,60300.0,9.18,15.43,1.38,15.38,0.0,16.67,2010,11
DL,60940.0,14.58,18.22,2.6,15.48,0.01,18.58,2010,12
DL,59428.0,9.89,16.83,2.46,13.92,0.01,15.76,2011,1
DL,53844.0,10.11,18.13,2.53,15.51,0.01,16.93,2011,2
DL,62641.0,10.44,16.04,1.53,15.05,0.02,17.24,2011,3
DL,60496.0,11.02,16.07,2.46,16.43,0.03,18.01,2011,4
DL,62988.0,9.72,18.95,3.08,16.92,0.05,16.82,2011,5
DL,128086.0,12.91,19.75,4.55,16.37,0.01,19.98,2011,6
DL,97092.5,11.6,20.62,3.79,15.98,0.01,19.75,2011,7
DL,66099.0,10.28,21.5,3.03,15.59,0.01,19.52,2011,8
DL,59177.0,6.42,18.79,1.35,15.76,0.03,14.58,2011,9
DL,61212.0,5.51,19.52,0.93,13.91,0.03,12.97,2011,10
DL,58100.0,5.86,18.3,0.68,14.12,0.02,13.39,2011,11
DL,57406.0,6.71,20.06,1.01,14.63,0.01,15.89,2011,12
DL,55421.0,6.95,18.49,2.25,15.11,0.01,15.46,2012,1
DL,52049.0,5.66,21.95,1.52,12.83,0.07,14.72,2012,2
DL,60458.0,7.73,19.3,1.42,12.45,0.02,16.48,2012,3
DL,59388.0,5.45,24.52,0.79,11.12,0.01,14.96,2012,4
DL,61208.0,7.71,20.0,1.71,14.65,0.05,16.83,2012,5
DL,63243.0,9.36,23.35,2.51,14.47,0.01,19.47,2012,6
DL,65800.0,13.4,21.06,4.06,18.59,0.02,22.27,2012,7
DL,66873.0,10.12,21.56,1.72,17.03,0.01,20.68,2012,8
DL,61038.0,6.1,23.06,0.75,15.5,0.01,16.04,2012,9
DL,63906.0,6.98,19.46,0.91,12.32,0.01,14.96,2012,10
DL,60073.0,5.67,23.88,1.29,11.41,0.04,15.05,2012,11
DL,57422.0,8.18,19.82,1.98,14.93,0.02,16.61,2012,12
DL,57182.0,7.27,23.17,4.77,15.86,0.04,14.28,2013,1
DL,52862.0,7.42,24.16,2.36,14.23,0.01,12.56,2013,2
DL,63929.0,9.21,24.21,4.77,14.26,0.01,15.78,2013,3
DL,62291.0,8.83,24.49,2.8,16.36,0.03,14.81,2013,4
DL,64087.0,8.36,24.14,1.74,14.9,0.02,15.87,2013,5
DL,66227.0,15.72,22.91,4.18,19.09,0.04,20.69,2013,6
DL,69175.0,16.88,24.12,3.11,18.3,0.01,21.61,2013,7
DL,69327.0,8.83,23.85,1.68,13.52,0.02,15.8,2013,8
DL,62191.0,5.8,24.92,1.19,14.92,0.02,13.0,2013,9
DL,65444.0,5.02,25.76,0.74,11.54,0.11,10.8,2013,10
DL,61332.0,6.73,23.43,1.69,12.6,0.76,14.16,2013,11
DL,60623.0,11.38,22.17,3.82,13.39,0.0,14.62,2013,12
DL,59030.0,19.37,25.76,10.86,14.55,0.01,21.16,2014,1
DL,54101.0,11.4,21.95,6.2,14.21,0.02,14.84,2014,2
DL,67093.0,8.93,22.17,2.33,12.06,0.01,14.69,2014,3
DL,65645.0,8.15,20.93,2.5,13.13,0.01,14.77,2014,4
DL,68036.0,9.22,22.22,2.23,16.36,0.14,15.04,2014,5
DL,69621.0,11.71,20.32,3.24,16.5,0.01,17.33,2014,6
DL,72714.0,9.44,24.21,4.08,16.69,0.01,16.57,2014,7
DL,72891.0,10.18,24.79,5.51,15.91,0.03,17.48,2014,8
DL,67051.0,7.21,18.89,2.06,15.31,0.04,12.9,2014,9
DL,70676.0,6.89,17.84,1.37,14.86,0.01,14.51,2014,10
DL,66995.0,7.4,19.81,2.33,15.12,0.05,14.02,2014,11
DL,66522.0,7.03,23.42,2.45,14.43,0.0,11.77,2014,12
DL,64421.0,8.29,21.68,5.05,14.61,0.07,14.71,2015,1
DL,60884.0,14.09,22.01,9.01,14.63,0.01,19.15,2015,2
DL,74166.0,10.49,22.84,4.79,14.94,0.01,16.79,2015,3
DL,72170.0,8.55,22.18,3.91,15.25,0.03,16.51,2015,4
DL,74815.0,9.81,24.74,5.45,17.61,0.02,20.65,2015,5
DL,77255.0,12.83,21.52,6.1,17.01,0.04,20.88,2015,6
DL,80741.0,10.38,21.06,3.57,14.89,0.04,18.81,2015,7
DL,80947.0,9.97,22.02,4.57,14.66,0.02,18.81,2015,8
DL,72063.0,6.16,24.28,3.53,14.14,0.03,13.94,2015,9
DL,75552.0,5.74,29.89,1.34,12.05,0.02,13.05,2015,10
DL,72228.0,6.98,24.64,2.68,13.19,0.11,14.67,2015,11
DL,70639.0,12.62,23.19,7.75,15.53,0.03,22.6,2015,12
DL,69711.0,9.8,24.75,6.63,14.5,0.02,17.78,2016,1
DL,67771.0,10.38,24.71,6.6,16.95,0.04,20.33,2016,2
DL,78210.0,8.44,25.04,3.03,14.62,0.04,17.42,2016,3
DL,76607.0,7.3,29.78,2.41,13.13,0.02,17.02,2016,4
DL,80556.0,7.9,27.2,2.38,11.84,0.05,16.19,2016,5
DL,81517.0,12.34,23.43,4.63,15.73,0.03,23.02,2016,6
DL,83677.0,16.02,26.71,6.23,22.04,0.02,25.51,2016,7
DL,84540.0,18.99,45.24,2.51,15.04,0.11,31.04,2016,8
DL,75475.0,6.84,25.85,3.6,14.75,0.06,14.8,2016,9
DL,78967.0,5.25,27.58,0.74,14.2,0.07,11.73,2016,10
DL,74103.0,6.14,25.49,1.8,14.3,0.07,13.68,2016,11
DL,71612.0,13.65,25.6,5.56,15.54,0.05,19.28,2016,12
DL,69813.0,15.87,30.86,9.57,16.84,0.03,21.96,2017,1
DL,65313.0,7.57,23.48,4.77,16.74,0.02,16.11,2017,2
DL,79070.0,9.96,24.37,5.0,19.02,0.03,19.36,2017,3
DL,77046.0,21.79,35.51,15.46,19.61,0.03,30.52,2017,4
DL,80742.0,12.58,22.11,1.58,21.75,0.03,19.44,2017,5
DL,81033.0,12.71,22.95,3.44,19.81,0.06,20.28,2017,6
DL,83604.0,12.92,25.55,3.87,18.76,0.16,20.27,2017,7
DL,84805.0,8.85,23.57,2.21,16.17,0.09,16.97,2017,8
DL,75505.0,7.01,27.37,5.55,17.68,0.04,13.7,2017,9
DL,79476.0,7.81,24.01,1.64,18.74,0.13,16.51,2017,10
DL,74348.0,4.58,27.7,1.69,13.48,0.09,10.68,2017,11
DL,72805.0,11.82,27.8,10.58,19.79,0.08,16.35,2017,12
DL,71254.0,12.51,23.23,13.81,18.92,0.02,22.03,2018,1
DL,66302.0,9.44,25.96,6.18,16.45,0.07,20.85,2018,2
DL,81365.0,8.57,23.17,6.08,14.2,0.08,15.28,2018,3
DL,79013.0,8.62,22.44,3.88,16.9,0.04,16.74,2018,4
DL,81735.0,9.45,22.21,3.85,17.83,0.08,15.27,2018,5
DL,83653.0,15.39,25.64,7.65,18.31,0.04,26.06,2018,6
DL,86544.0,13.49,21.72,6.09,21.76,0.04,24.87,2018,7
DL,87966.0,13.02,21.91,4.66,21.58,0.06,23.28,2018,8
DL,78075.0,7.28,21.16,3.2,18.29,0.08,14.97,2018,9
DL,82134.0,6.15,21.91,2.9,14.47,0.03,14.38,2018,10
DL,76236.0,10.23,18.35,4.37,16.77,0.01,17.44,2018,11
DL,75006.0,6.97,21.03,3.95,14.9,0.02,13.42,2018,12
EV,23307.0,13.72,13.56,2.34,13.94,0.03,21.66,2009,1
EV,21452.0,9.88,14.86,1.86,15.84,0.02,19.49,2009,2
EV,25421.0,21.94,13.15,2.61,17.64,0.01,31.96,2009,3
EV,24770.0,17.07,15.05,4.75,17.93,0.01,27.74,2009,4
EV,25124.0,13.55,12.98,1.74,15.73,0.01,21.59,2009,5
EV,27822.0,15.17,18.76,2.71,13.05,0.03,25.08,2009,6
EV,29197.0,19.05,14.09,3.31,18.71,0.02,30.23,2009,7
EV,27952.0,16.83,14.33,1.97,16.32,0.02,27.0,2009,8
EV,45550.0,14.06,14.15,2.2,19.55,0.01,21.0,2009,9
EV,35067.0,11.93,14.47,1.66,18.07,0.0,19.55,2009,10
EV,24584.0,9.8,14.79,1.11,16.59,0.0,18.1,2009,11
EV,23517.0,15.15,14.63,2.85,19.2,0.07,25.34,2009,12
EV,24385.0,11.71,19.81,3.2,15.49,0.1,22.15,2010,1
EV,23305.0,16.41,18.88,4.04,12.47,0.03,32.52,2010,2
EV,26534.0,14.01,19.84,2.71,16.05,0.06,29.08,2010,3
EV,24529.0,9.05,24.88,2.44,13.39,0.1,27.79,2010,4
EV,25978.0,13.45,22.83,3.27,14.19,0.03,26.95,2010,5
EV,27480.0,14.34,23.18,3.63,14.02,0.02,26.53,2010,6
EV,28967.0,15.72,22.75,4.0,15.14,0.02,29.87,2010,7
EV,29100.0,13.22,23.53,2.48,13.71,0.03,25.87,2010,8
EV,26602.0,11.26,26.35,1.3,7.31,0.06,27.0,2010,9
EV,28157.0,12.93,23.93,2.81,9.67,0.03,29.29,2010,10
EV,26901.0,11.91,24.0,2.14,8.81,0.02,27.95,2010,11
EV,27983.0,19.15,23.75,4.66,8.82,0.04,31.31,2010,12
EV,27099.0,15.53,26.08,3.41,7.57,0.05,30.86,2011,1
EV,24735.0,12.93,22.26,3.34,9.1,0.04,26.53,2011,2
EV,29158.0,16.7,21.68,1.52,8.13,0.04,29.33,2011,3
EV,27125.0,19.18,23.27,2.84,9.48,0.03,29.45,2011,4
EV,28295.0,16.43,23.55,2.47,9.26,0.04,29.78,2011,5
EV,58066.0,23.9,26.12,3.25,10.06,0.11,35.51,2011,6
EV,43595.0,19.68,26.53,2.79,9.75,0.08,33.23,2011,7
EV,29124.0,15.46,26.94,2.33,9.43,0.06,30.95,2011,8
EV,25791.0,11.6,24.89,1.92,9.16,0.04,25.56,2011,9
EV,27072.0,10.11,26.66,1.42,7.41,0.03,26.14,2011,10
EV,25156.0,11.36,27.17,1.75,7.09,0.06,25.94,2011,11
EV,25237.0,12.32,27.47,1.79,8.42,0.07,28.23,2011,12
EV,57585.0,13.25,23.15,4.41,9.91,0.04,28.19,2012,1
EV,54823.0,13.06,24.71,3.75,8.22,0.2,26.5,2012,2
EV,61273.0,17.89,25.45,3.64,7.55,0.01,31.13,2012,3
EV,59089.0,10.83,24.84,2.29,7.8,0.04,23.86,2012,4
EV,61101.0,14.34,25.29,4.06,9.45,0.01,28.43,2012,5
EV,65243.0,16.03,21.63,1.64,13.01,0.01,29.95,2012,6
EV,67619.0,23.56,21.87,2.89,15.69,0.02,35.49,2012,7
EV,68301.0,17.86,22.02,1.43,13.39,0.03,31.41,2012,8
EV,60474.0,12.14,20.61,1.06,15.98,0.02,25.98,2012,9
EV,64906.0,13.37,19.72,0.76,14.22,0.01,27.17,2012,10
EV,60556.0,10.58,20.35,1.92,12.97,0.02,25.92,2012,11
EV,59885.0,18.51,19.21,1.61,14.39,0.03,31.28,2012,12
EV,57934.0,17.34,20.13,1.55,14.58,0.02,28.65,2013,1
EV,54106.0,17.53,19.45,0.94,13.81,0.04,27.89,2013,2
EV,65803.0,17.71,20.54,1.2,13.83,0.03,29.53,2013,3
EV,64366.0,18.94,18.11,1.69,16.95,0.02,32.68,2013,4
EV,64741.0,16.13,17.49,1.55,16.75,0.03,29.36,2013,5
EV,66069.0,23.9,18.31,2.96,17.81,0.03,35.4,2013,6
EV,67011.0,20.99,18.22,2.66,17.21,0.03,31.16,2013,7
EV,66234.0,14.6,18.11,1.62,14.82,0.03,27.36,2013,8
EV,61327.0,10.05,18.79,1.5,17.05,0.03,24.96,2013,9
EV,63746.0,11.71,16.63,0.62,15.07,0.01,24.48,2013,10
EV,58721.0,12.29,17.35,1.3,15.24,0.05,24.5,2013,11
EV,58638.0,23.0,19.89,2.06,16.06,0.04,30.23,2013,12
EV,58508.0,24.92,23.86,3.51,15.21,0.01,29.99,2014,1
EV,53434.0,23.28,22.3,2.03,13.44,0.02,29.77,2014,2
EV,62014.0,16.93,20.45,1.31,14.05,0.03,27.34,2014,3
EV,57584.0,15.76,19.57,1.03,17.79,0.04,27.19,2014,4
EV,59521.0,18.71,20.69,1.74,19.3,0.07,29.65,2014,5
EV,59381.0,21.93,18.66,2.41,18.01,0.03,30.4,2014,6
EV,61210.0,15.94,20.08,1.79,15.52,0.0,26.53,2014,7
EV,59147.0,15.69,20.14,1.49,16.02,0.0,27.62,2014,8
EV,54964.0,14.25,18.87,1.11,17.31,0.0,25.35,2014,9
EV,56533.0,14.56,18.8,0.97,18.4,0.0,26.57,2014,10
EV,51569.0,10.65,18.88,0.77,16.0,0.0,22.36,2014,11
EV,52156.0,13.41,19.71,0.78,14.85,0.0,23.43,2014,12
EV,49925.0,13.4,20.53,1.74,14.95,0.0,23.12,2015,1
EV,45138.0,14.53,20.13,2.1,14.61,0.0,22.98,2015,2
EV,54190.0,12.41,20.59,1.49,12.88,0.0,24.07,2015,3
EV,49296.0,10.77,21.68,1.2,15.44,0.0,21.14,2015,4
EV,49213.0,13.67,21.95,2.21,16.7,0.0,26.73,2015,5
EV,49119.0,18.26,22.75,1.83,17.6,0.0,27.04,2015,6
EV,50381.0,12.59,21.2,1.07,16.04,0.0,24.65,2015,7
EV,48554.0,11.61,21.95,1.44,15.53,0.0,24.66,2015,8
EV,43721.0,8.05,22.06,1.23,15.34,0.0,19.94,2015,9
EV,45728.0,8.88,21.6,0.69,14.25,0.0,21.08,2015,10
EV,42572.0,11.23,21.93,1.62,16.42,0.0,23.32,2015,11
EV,44140.0,13.7,24.12,1.38,15.34,0.0,26.99,2015,12
EV,41970.0,10.38,26.2,1.67,13.33,0.0,21.99,2016,1
EV,39926.0,12.81,25.49,0.91,15.69,0.0,25.31,2016,2
EV,44584.0,10.75,25.45,1.46,16.29,0.0,24.26,2016,3
EV,40773.0,8.72,27.35,1.21,16.0,0.0,21.31,2016,4
EV,41294.0,10.43,26.08,1.8,17.39,0.0,21.76,2016,5
EV,42975.0,15.54,32.28,1.46,16.07,0.0,28.42,2016,6
EV,43562.0,21.69,32.93,1.78,17.79,0.0,33.01,2016,7
EV,43255.0,18.68,30.28,1.12,16.15,0.0,30.59,2016,8
EV,38994.0,12.2,31.23,1.19,15.62,0.0,25.2,2016,9
EV,39645.0,11.31,30.88,1.14,14.84,0.0,23.84,2016,10
EV,36499.0,13.39,31.41,1.29,15.54,0.0,28.34,2016,11
EV,37513.0,19.25,30.83,2.15,16.25,0.0,28.64,2016,12
EV,35037.0,21.64,36.33,1.37,15.79,0.0,31.73,2017,1
EV,30444.0,12.96,31.71,1.38,16.0,0.0,26.2,2017,2
EV,35235.0,18.39,34.93,0.98,15.85,0.0,30.42,2017,3
EV,30789.0,20.38,38.1,1.89,17.96,0.0,32.85,2017,4
EV,30851.0,18.53,33.95,0.86,21.47,0.0,28.79,2017,5
EV,30131.0,19.61,30.87,1.3,25.03,0.0,27.91,2017,6
EV,29231.0,18.64,30.73,1.64,25.03,0.0,26.84,2017,7
EV,28807.0,16.33,27.5,1.96,21.81,0.0,27.53,2017,8
EV,24040.0,11.63,28.61,0.62,21.11,0.0,22.36,2017,9
EV,23622.0,15.4,33.78,1.12,19.6,0.0,27.59,2017,10
EV,20595.0,9.47,22.51,1.01,19.89,0.0,21.76,2017,11
EV,20759.0,16.83,24.8,3.57,22.94,0.0,24.64,2017,12
EV,20166.0,18.24,31.08,3.99,19.37,0.0,27.53,2018,1
EV,17962.0,18.37,27.69,3.52,23.37,0.0,26.25,2018,2
EV,21016.0,13.26,31.7,1.38,19.35,0.0,23.64,2018,3
EV,17644.0,13.87,25.53,2.83,24.64,0.0,25.09,2018,4
EV,16661.0,13.38,28.12,4.66,28.15,0.0,21.77,2018,5
EV,16559.0,16.93,29.2,2.97,27.5,0.0,24.09,2018,6
EV,16548.0,16.93,27.89,2.5,26.7,0.0,26.74,2018,7
EV,17365.0,19.21,27.89,3.38,27.04,0.0,26.41,2018,8
EV,15456.0,16.62,23.25,3.14,25.2,0.0,24.94,2018,9
EV,15358.0,16.68,25.23,2.67,26.13,0.0,22.78,2018,10
EV,14273.0,20.71,28.64,2.84,26.1,0.0,26.45,2018,11
EV,13882.0,20.46,24.14,4.29,26.45,0.0,26.09,2018,12
F9,7197.0,9.91,13.4,0.83,19.27,0.0,10.62,2009,1
F9,6524.0,6.36,11.65,0.26,16.45,0.0,9.14,2009,2
F9,7291.0,9.83,8.59,2.21,14.41,0.0,24.16,2009,3
F9,7106.0,9.76,9.8,1.43,13.81,0.0,23.39,2009,4
F9,7711.0,7.81,8.93,0.92,13.74,0.0,19.78,2009,5
F9,7658.0,14.49,8.03,1.61,15.15,0.0,25.06,2009,6
F9,7928.0,12.09,10.23,1.02,13.29,0.0,24.74,2009,7
F9,7861.0,7.61,9.17,1.21,12.1,0.0,20.76,2009,8
F9,14466.0,5.33,11.19,0.39,10.15,0.0,17.66,2009,9
F9,10568.5,5.77,12.06,0.2,10.3,0.0,18.87,2009,10
F9,6671.0,6.21,12.92,0.0,10.45,0.0,20.07,2009,11
F9,6589.0,14.01,8.86,0.68,13.38,0.0,23.78,2009,12
F9,6450.0,8.19,8.57,0.33,15.72,0.0,23.0,2010,1
F9,6152.0,8.12,8.14,0.3,14.0,0.0,20.03,2010,2
F9,6876.0,11.77,12.29,1.02,12.48,0.0,27.09,2010,3
F9,6666.0,6.82,10.72,0.91,12.56,0.0,18.8,2010,4
F9,7143.0,10.76,10.14,1.8,17.85,0.0,24.76,2010,5
F9,7247.0,13.54,13.38,1.43,12.19,0.0,28.61,2010,6
F9,7507.0,12.85,11.72,1.14,12.98,0.0,29.07,2010,7
F9,7526.0,8.44,9.84,0.4,11.81,0.0,25.52,2010,8
F9,6817.0,7.07,12.36,0.6,11.24,0.0,23.25,2010,9
F9,6805.0,7.54,9.87,0.34,12.82,0.0,25.77,2010,10
F9,6321.0,7.3,8.34,0.36,12.73,0.0,18.08,2010,11
F9,6456.0,10.8,10.86,0.52,14.05,0.0,21.42,2010,12
F9,6253.0,11.28,12.12,0.61,18.17,0.0,18.42,2011,1
F9,5845.0,11.74,10.16,1.2,19.04,0.0,15.94,2011,2
F9,6731.0,10.21,9.66,0.51,16.87,0.0,19.15,2011,3
F9,6356.0,10.04,12.61,0.3,15.94,0.0,19.1,2011,4
F9,7233.0,14.82,11.66,1.88,20.08,0.0,21.86,2011,5
F9,15270.0,13.0,12.84,1.18,15.14,0.0,22.64,2011,6
F9,11779.0,10.8,11.68,0.8,16.94,0.0,19.81,2011,7
F9,8288.0,8.6,10.52,0.43,18.75,0.0,16.98,2011,8
F9,7477.0,6.87,12.99,0.91,17.7,0.0,14.28,2011,9
F9,7355.0,7.17,11.68,0.16,17.27,0.0,17.88,2011,10
F9,6968.0,7.28,11.95,0.15,12.55,0.0,15.16,2011,11
F9,7114.0,13.5,11.59,0.83,20.73,0.0,16.16,2011,12
F9,6464.0,11.7,10.91,1.48,18.88,0.0,17.35,2012,1
F9,5983.0,14.34,13.33,0.22,17.98,0.0,17.76,2012,2
F9,6749.0,10.87,12.65,0.29,15.13,0.0,20.32,2012,3
F9,6248.0,8.57,13.53,0.53,16.63,0.0,13.21,2012,4
F9,6804.0,8.1,12.45,0.69,14.87,0.0,11.83,2012,5
F9,6965.0,12.33,14.37,0.88,17.43,0.0,15.42,2012,6
F9,7268.0,11.23,11.86,0.74,16.56,0.0,16.35,2012,7
F9,7107.0,10.18,15.83,0.88,14.02,0.0,20.03,2012,8
F9,6356.0,7.96,12.28,1.51,12.54,0.0,18.78,2012,9
F9,6677.0,9.61,8.77,1.12,14.72,0.0,16.53,2012,10
F9,6271.0,8.26,12.04,0.61,14.22,0.0,14.68,2012,11
F9,6363.0,18.23,13.53,0.74,17.56,0.0,17.91,2012,12
F9,5804.0,13.2,12.91,0.42,15.45,0.0,15.96,2013,1
F9,5261.0,17.73,13.34,1.07,23.47,0.0,22.37,2013,2
F9,5899.0,15.87,14.64,0.67,24.58,0.0,21.91,2013,3
F9,5881.0,18.52,11.08,1.56,33.04,0.0,19.88,2013,4
F9,6586.0,13.86,9.39,0.76,24.16,0.0,19.26,2013,5
F9,6571.0,12.08,11.96,2.07,21.98,0.0,18.59,2013,6
F9,6816.0,16.18,10.4,0.79,22.82,0.0,22.97,2013,7
F9,6921.0,12.53,11.22,1.25,18.29,0.0,17.64,2013,8
F9,6517.0,12.93,10.87,1.44,22.46,0.0,20.72,2013,9
F9,6517.0,10.44,10.68,0.29,20.78,0.0,16.88,2013,10
F9,6331.0,13.28,11.89,0.6,20.13,0.0,26.24,2013,11
F9,6508.0,23.08,10.74,0.98,20.88,0.0,27.53,2013,12
F9,5736.0,22.48,12.33,2.19,25.39,0.0,25.0,2014,1
F9,5195.0,18.3,9.77,0.87,23.4,0.0,20.73,2014,2
F9,6040.0,12.33,9.08,0.72,23.59,0.0,19.01,2014,3
F9,5972.0,12.32,12.23,0.88,22.05,0.0,25.04,2014,4
F9,7290.0,15.51,11.15,1.34,27.48,0.0,22.96,2014,5
F9,7561.0,15.57,11.9,1.46,25.24,0.0,20.24,2014,6
F9,8037.0,13.63,12.32,1.33,26.3,0.0,20.56,2014,7
F9,8045.0,14.11,13.64,0.83,23.94,0.0,27.24,2014,8
F9,7857.0,12.21,13.38,0.44,23.3,0.0,28.85,2014,9
F9,8211.0,10.04,13.01,0.27,19.18,0.0,29.19,2014,10
F9,7729.0,15.41,9.6,0.43,26.43,0.0,24.84,2014,11
F9,7801.0,19.87,12.84,0.37,25.52,0.0,25.56,2014,12
F9,6829.0,21.72,15.46,0.6,22.52,0.0,30.97,2015,1
F9,5809.0,28.77,15.91,1.88,26.67,0.0,32.23,2015,2
F9,6950.0,22.72,15.07,0.76,23.35,0.0,28.03,2015,3
F9,7148.0,15.45,11.74,0.64,25.76,0.0,21.73,2015,4
F9,8118.0,15.53,14.39,0.33,25.98,0.0,23.61,2015,5
F9,7893.0,22.62,14.74,0.82,28.55,0.0,30.44,2015,6
F9,8090.0,17.48,14.25,0.55,25.5,0.0,24.7,2015,7
F9,8142.0,13.26,13.04,1.14,25.98,0.0,22.02,2015,8
F9,7873.0,10.04,16.74,0.63,20.53,0.0,29.67,2015,9
F9,8101.0,8.57,16.04,0.15,17.15,0.0,19.67,2015,10
F9,7763.0,15.43,14.27,0.59,24.48,0.0,23.15,2015,11
F9,8120.0,19.63,16.01,2.57,23.64,0.0,32.83,2015,12
F9,7099.0,11.23,18.54,1.56,21.09,0.0,30.1,2016,1
F9,6646.0,10.89,20.15,1.97,20.43,0.0,38.96,2016,2
F9,7057.0,18.61,17.48,1.89,21.75,0.0,40.63,2016,3
F9,7125.0,9.19,13.42,0.52,18.48,0.0,28.42,2016,4
F9,7920.0,14.71,14.39,2.33,20.3,0.0,35.0,2016,5
F9,8107.0,16.13,15.34,0.62,24.96,0.0,25.36,2016,6
F9,9019.0,25.4,16.35,0.98,23.42,0.0,32.36,2016,7
F9,8931.0,21.33,14.61,0.96,18.93,0.0,29.14,2016,8
F9,8646.0,19.74,18.47,0.76,15.55,0.0,34.64,2016,9
F9,8693.0,13.9,16.48,0.2,14.77,0.0,28.92,2016,10
F9,7707.0,8.01,17.44,0.14,14.9,0.0,22.56,2016,11
F9,8171.0,29.69,25.31,2.74,18.04,0.0,42.2,2016,12
F9,7760.0,20.15,16.75,0.87,19.07,0.0,31.09,2017,1
F9,6710.0,11.85,16.67,0.75,15.8,0.0,27.73,2017,2
F9,7745.0,13.71,13.67,0.99,17.97,0.0,30.2,2017,3
F9,7801.0,14.93,15.35,0.85,21.72,0.0,34.0,2017,4
F9,8632.0,14.96,11.92,0.91,20.52,0.0,31.05,2017,5
F9,8913.0,19.87,15.01,1.17,19.87,0.0,32.68,2017,6
F9,9611.0,20.28,15.06,1.31,18.52,0.0,39.4,2017,7
F9,9232.0,16.98,15.68,0.56,18.28,0.0,36.99,2017,8
F9,8662.0,10.01,19.22,0.54,15.06,0.0,30.93,2017,9
F9,9270.0,14.46,19.02,0.25,14.97,0.0,39.76,2017,10
F9,9165.0,11.17,19.38,0.27,11.02,0.0,34.84,2017,11
F9,9526.0,17.7,18.64,1.29,14.57,0.0,32.52,2017,12
F9,9707.0,19.65,20.78,0.93,13.3,0.0,40.67,2018,1
F9,8712.0,20.02,18.84,0.7,15.21,0.0,39.86,2018,2
F9,9377.0,14.47,19.01,1.1,16.36,0.0,30.07,2018,3
F9,9615.0,19.81,21.84,0.73,14.4,0.0,41.94,2018,4
F9,10297.0,23.08,18.95,0.64,15.74,0.0,43.3,2018,5
F9,10207.0,32.8,21.17,1.21,13.7,0.0,45.71,2018,6
F9,10687.0,30.18,19.12,1.29,15.05,0.0,38.82,2018,7
F9,10710.0,29.2,19.19,0.6,14.07,0.0,40.7,2018,8
F9,10352.0,25.96,24.5,0.38,10.64,0.0,39.13,2018,9
F9,10516.0,22.0,20.16,0.17,11.7,0.0,34.24,2018,10
F9,9939.0,19.78,18.59,0.55,14.22,0.0,30.67,2018,11
F9,9916.0,17.5,20.45,0.26,13.19,0.0,29.81,2018,12
FL,19450.0,8.94,8.8,0.7,15.08,0.0,20.84,2009,1
FL,18314.0,8.79,8.86,0.17,16.25,0.0,25.67,2009,2
FL,21283.0,13.52,6.89,1.42,18.7,0.0,30.0,2009,3
FL,20510.0,12.36,6.98,1.14,19.52,0.0,33.96,2009,4
FL,21264.0,11.74,7.54,0.18,15.9,0.0,26.72,2009,5
FL,22161.0,14.43,9.13,0.51,18.53,0.0,33.86,2009,6
FL,23195.0,17.83,10.68,0.2,16.15,0.0,35.3,2009,7
FL,22750.0,13.44,8.64,0.51,15.29,0.0,29.44,2009,8
FL,38846.0,8.85,9.04,0.32,18.52,0.0,28.02,2009,9
FL,29883.0,8.64,8.35,0.17,15.85,0.0,24.86,2009,10
FL,20920.0,8.42,7.66,0.02,13.18,0.0,21.7,2009,11
FL,21261.0,16.46,10.29,0.29,13.14,0.0,27.38,2009,12
FL,19936.0,9.93,11.03,0.59,14.99,0.0,25.54,2010,1
FL,18447.0,12.82,11.06,2.3,15.03,0.0,27.55,2010,2
FL,21169.0,12.57,11.05,0.53,16.9,0.0,32.82,2010,3
FL,20560.0,6.81,11.94,0.27,13.59,0.0,30.15,2010,4
FL,21433.0,8.93,10.05,0.46,18.42,0.0,30.62,2010,5
FL,21794.0,11.07,8.14,1.15,19.0,0.0,27.75,2010,6
FL,22526.0,12.8,9.9,0.4,18.88,0.0,35.2,2010,7
FL,22267.0,10.75,9.01,0.9,18.32,0.0,29.61,2010,8
FL,19078.0,4.97,8.56,0.12,22.36,0.0,23.82,2010,9
FL,20400.0,6.07,12.07,0.2,21.84,0.0,30.44,2010,10
FL,20407.0,5.91,10.02,0.02,15.97,0.0,26.36,2010,11
FL,20827.0,8.02,8.98,1.85,15.99,0.0,21.81,2010,12
FL,19585.0,9.77,15.04,2.03,14.0,0.0,25.74,2011,1
FL,17956.0,7.43,9.36,1.45,17.06,0.0,24.48,2011,2
FL,21691.0,8.54,8.54,0.37,16.45,0.0,28.31,2011,3
FL,21208.0,9.75,7.95,1.65,16.91,0.0,30.97,2011,4
FL,21393.0,9.0,9.83,0.68,20.77,0.0,33.53,2011,5
FL,43888.0,11.43,8.08,1.54,20.69,0.0,31.8,2011,6
FL,33160.0,10.1,8.66,1.06,20.29,0.0,30.14,2011,7
FL,22432.0,8.78,9.25,0.57,19.89,0.0,28.47,2011,8
FL,19192.0,5.57,10.92,0.14,22.02,0.0,24.65,2011,9
FL,20076.0,4.22,10.6,0.08,15.14,0.0,16.32,2011,10
FL,20141.0,4.8,9.97,0.15,14.89,0.0,17.69,2011,11
FL,20420.0,3.95,11.95,0.05,15.91,0.0,22.67,2011,12
FL,19163.0,4.85,9.59,0.46,17.99,0.0,19.82,2012,1
FL,17980.0,3.36,11.9,0.19,14.92,0.0,15.48,2012,2
FL,19624.0,4.08,12.15,0.52,16.02,0.0,18.14,2012,3
FL,18645.0,2.82,13.8,0.07,14.17,0.0,17.4,2012,4
FL,19046.0,6.19,10.03,0.42,17.84,0.0,23.81,2012,5
FL,19396.0,7.7,10.45,0.26,18.17,0.0,24.65,2012,6
FL,20210.0,12.96,11.23,0.87,19.82,0.0,30.74,2012,7
FL,18291.0,9.4,10.29,0.2,18.37,0.0,27.09,2012,8
FL,16362.0,4.32,11.32,0.53,18.48,0.0,18.22,2012,9
FL,16839.0,5.47,10.63,0.1,15.17,0.0,17.84,2012,10
FL,16143.0,4.63,15.11,0.13,13.13,0.0,20.97,2012,11
FL,16463.0,8.85,10.64,0.42,14.62,0.0,24.54,2012,12
FL,15313.0,4.96,10.46,0.4,17.4,0.0,20.45,2013,1
FL,14069.0,6.3,9.8,0.42,14.94,0.0,18.54,2013,2
FL,16882.0,12.15,9.01,1.23,16.21,0.0,31.22,2013,3
FL,15911.0,9.44,9.88,0.54,15.47,0.0,24.58,2013,4
FL,15789.0,9.75,11.82,0.65,14.83,0.0,25.39,2013,5
FL,15761.0,20.78,11.67,2.62,16.58,0.0,32.27,2013,6
FL,16293.0,19.15,12.34,2.75,15.89,0.0,31.09,2013,7
FL,14817.0,10.36,10.76,1.08,15.57,0.0,20.06,2013,8
FL,12556.0,7.62,15.03,1.39,10.44,0.0,19.24,2013,9
FL,13177.0,8.04,13.86,0.3,9.89,0.0,16.49,2013,10
FL,11679.0,8.7,12.36,0.46,9.98,0.0,21.6,2013,11
FL,11705.0,15.33,11.44,0.64,9.78,0.0,22.75,2013,12
FL,9405.0,15.79,12.05,1.32,11.51,0.0,26.04,2014,1
FL,8226.0,10.98,12.56,1.03,11.5,0.0,23.43,2014,2
FL,9309.0,10.45,12.0,0.88,10.99,0.0,24.28,2014,3
FL,8209.0,8.04,10.19,0.62,11.71,0.0,20.86,2014,4
FL,7709.0,9.91,12.45,1.77,13.09,0.0,22.42,2014,5
FL,6916.0,11.84,11.42,2.75,14.45,0.0,23.32,2014,6
FL,6980.0,11.35,13.14,2.31,13.31,0.0,26.44,2014,7
FL,6326.0,11.34,15.76,3.7,14.55,0.0,28.9,2014,8
FL,4863.0,7.24,12.74,2.36,16.64,0.0,17.24,2014,9
FL,4661.0,6.8,10.86,0.16,12.81,0.0,22.05,2014,10
FL,3951.0,5.61,13.26,0.23,12.26,0.0,18.61,2014,11
FL,2940.0,7.65,14.57,0.15,8.93,0.0,21.49,2014,12
FL,2940.0,7.65,14.57,0.15,8.93,0.0,21.49,2015,1
FL,2940.0,7.65,14.57,0.15,8.93,0.0,21.49,2015,2
FL,2940.0,7.65,14.57,0.15,8.93,0.0,21.49,2015,3
FL,2940.0,7.65,14.57,0.15,8.93,0.0,21.49,2015,4
FL,2940.0,7.65,14.57,0.15,8.93,0.0,21.49,2015,5
FL,2940.0,7.65,14.57,0.15,8.93,0.0,21.49,2015,6
FL,2940.0,7.65,14.57,0.15,8.93,0.0,21.49,2015,7
FL,2940.0,7.65,14.57,0.15,8.93,0.0,21.49,2015,8
FL,2940.0,7.65,14.57,0.15,8.93,0.0,21.49,2015,9
FL,2940.0,7.65,14.57,0.15,8.93,0.0,21.49,2015,10
FL,2940.0,7.65,14.57,0.15,8.93,0.0,21.49,2015,11
FL,2940.0,7.65,14.57,0.15,8.93,0.0,21.49,2015,12
FL,2940.0,7.65,14.57,0.15,8.93,0.0,21.49,2016,1
FL,2940.0,7.65,14.57,0.15,8.93,0.0,21.49,2016,2
FL,2940.0,7.65,14.57,0.15,8.93,0.0,21.49,2016,3
FL,2940.0,7.65,14.57,0.15,8.93,0.0,21.49,2016,4
FL,2940.0,7.65,14.57,0.15,8.93,0.0,21.49,2016,5
FL,2940.0,7.65,14.57,0.15,8.93,0.0,21.49,2016,6
FL,2940.0,7.65,14.57,0.15,8.93,0.0,21.49,2016,7
FL,2940.0,7.65,14.57,0.15,8.93,0.0,21.49,2016,8
FL,2940.0,7.65,14.57,0.15,8.93,0.0,21.49,2016,9
FL,2940.0,7.65,14.57,0.15,8.93,0.0,21.49,2016,10
FL,2940.0,7.65,14.57,0.15,8.93,0.0,21.49,2016,11
FL,2940.0,7.65,14.57,0.15,8.93,0.0,21.49,2016,12
FL,2940.0,7.65,14.57,0.15,8.93,0.0,21.49,2017,1
FL,2940.0,7.65,14.57,0.15,8.93,0.0,21.49,2017,2
FL,2940.0,7.65,14.57,0.15,8.93,0.0,21.49,2017,3
FL,2940.0,7.65,14.57,0.15,8.93,0.0,21.49,2017,4
FL,2940.0,7.65,14.57,0.15,8.93,0.0,21.49,2017,5
FL,2940.0,7.65,14.57,0.15,8.93,0.0,21.49,2017,6
FL,2940.0,7.65,14.57,0.15,8.93,0.0,21.49,2017,7
FL,2940.0,7.65,14.57,0.15,8.93,0.0,21.49,2017,8
FL,2940.0,7.65,14.57,0.15,8.93,0.0,21.49,2017,9
FL,2940.0,7.65,14.57,0.15,8.93,0.0,21.49,2017,10
FL,2940.0,7.65,14.57,0.15,8.93,0.0,21.49,2017,11
FL,2940.0,7.65,14.57,0.15,8.93,0.0,21.49,2017,12
FL,2940.0,7.65,14.57,0.15,8.93,0.0,21.49,2018,1
FL,2940.0,7.65,14.57,0.15,8.93,0.0,21.49,2018,2
FL,2940.0,7.65,14.57,0.15,8.93,0.0,21.49,2018,3
FL,2940.0,7.65,14.57,0.15,8.93,0.0,21.49,2018,4
FL,2940.0,7.65,14.57,0.15,8.93,0.0,21.49,2018,5
FL,2940.0,7.65,14.57,0.15,8.93,0.0,21.49,2018,6
FL,2940.0,7.65,14.57,0.15,8.93,0.0,21.49,2018,7
FL,2940.0,7.65,14.57,0.15,8.93,0.0,21.49,2018,8
FL,2940.0,7.65,14.57,0.15,8.93,0.0,21.49,2018,9
FL,2940.0,7.65,14.57,0.15,8.93,0.0,21.49,2018,10
FL,2940.0,7.65,14.57,0.15,8.93,0.0,21.49,2018,11
FL,2940.0,7.65,14.57,0.15,8.93,0.0,21.49,2018,12
G4,6814.0,14.58,24.58,5.0,9.59,0.21,27.28,2009,1
G4,6814.0,14.58,24.58,5.0,9.59,0.21,27.28,2009,2
G4,6814.0,14.58,24.58,5.0,9.59,0.21,27.28,2009,3
G4,6814.0,14.58,24.58,5.0,9.59,0.21,27.28,2009,4
G4,6814.0,14.58,24.58,5.0,9.59,0.21,27.28,2009,5
G4,6814.0,14.58,24.58,5.0,9.59,0.21,27.28,2009,6
G4,6814.0,14.58,24.58,5.0,9.59,0.21,27.28,2009,7
G4,6814.0,14.58,24.58,5.0,9.59,0.21,27.28,2009,8
G4,6814.0,14.58,24.58,5.0,9.59,0.21,27.28,2009,9
G4,6814.0,14.58,24.58,5.0,9.59,0.21,27.28,2009,10
G4,6814.0,14.58,24.58,5.0,9.59,0.21,27.28,2009,11
G4,6814.0,14.58,24.58,5.0,9.59,0.21,27.28,2009,12
G4,6814.0,14.58,24.58,5.0,9.59,0.21,27.28,2010,1
G4,6814.0,14.58,24.58,5.0,9.59,0.21,27.28,2010,2
G4,6814.0,14.58,24.58,5.0,9.59,0.21,27.28,2010,3
G4,6814.0,14.58,24.58,5.0,9.59,0.21,27.28,2010,4
G4,6814.0,14.58,24.58,5.0,9.59,0.21,27.28,2010,5
G4,6814.0,14.58,24.58,5.0,9.59,0.21,27.28,2010,6
G4,6814.0,14.58,24.58,5.0,9.59,0.21,27.28,2010,7
G4,6814.0,14.58,24.58,5.0,9.59,0.21,27.28,2010,8
G4,6814.0,14.58,24.58,5.0,9.59,0.21,27.28,2010,9
G4,6814.0,14.58,24.58,5.0,9.59,0.21,27.28,2010,10
G4,6814.0,14.58,24.58,5.0,9.59,0.21,27.28,2010,11
G4,6814.0,14.58,24.58,5.0,9.59,0.21,27.28,2010,12
G4,6814.0,14.58,24.58,5.0,9.59,0.21,27.28,2011,1
G4,6814.0,14.58,24.58,5.0,9.59,0.21,27.28,2011,2
G4,6814.0,14.58,24.58,5.0,9.59,0.21,27.28,2011,3
G4,6814.0,14.58,24.58,5.0,9.59,0.21,27.28,2011,4
G4,6814.0,14.58,24.58,5.0,9.59,0.21,27.28,2011,5
G4,6814.0,14.58,24.58,5.0,9.59,0.21,27.28,2011,6
G4,6814.0,14.58,24.58,5.0,9.59,0.21,27.28,2011,7
G4,6814.0,14.58,24.58,5.0,9.59,0.21,27.28,2011,8
G4,6814.0,14.58,24.58,5.0,9.59,0.21,27.28,2011,9
G4,6814.0,14.58,24.58,5.0,9.59,0.21,27.28,2011,10
G4,6814.0,14.58,24.58,5.0,9.59,0.21,27.28,2011,11
G4,6814.0,14.58,24.58,5.0,9.59,0.21,27.28,2011,12
G4,6814.0,14.58,24.58,5.0,9.59,0.21,27.28,2012,1
G4,6814.0,14.58,24.58,5.0,9.59,0.21,27.28,2012,2
G4,6814.0,14.58,24.58,5.0,9.59,0.21,27.28,2012,3
G4,6814.0,14.58,24.58,5.0,9.59,0.21,27.28,2012,4
G4,6814.0,14.58,24.58,5.0,9.59,0.21,27.28,2012,5
G4,6814.0,14.58,24.58,5.0,9.59,0.21,27.28,2012,6
G4,6814.0,14.58,24.58,5.0,9.59,0.21,27.28,2012,7
G4,6814.0,14.58,24.58,5.0,9.59,0.21,27.28,2012,8
G4,6814.0,14.58,24.58,5.0,9.59,0.21,27.28,2012,9
G4,6814.0,14.58,24.58,5.0,9.59,0.21,27.28,2012,10
G4,6814.0,14.58,24.58,5.0,9.59,0.21,27.28,2012,11
G4,6814.0,14.58,24.58,5.0,9.59,0.21,27.28,2012,12
G4,6814.0,14.58,24.58,5.0,9.59,0.21,27.28,2013,1
G4,6814.0,14.58,24.58,5.0,9.59,0.21,27.28,2013,2
G4,6814.0,14.58,24.58,5.0,9.59,0.21,27.28,2013,3
G4,6814.0,14.58,24.58,5.0,9.59,0.21,27.28,2013,4
G4,6814.0,14.58,24.58,5.0,9.59,0.21,27.28,2013,5
G4,6814.0,14.58,24.58,5.0,9.59,0.21,27.28,2013,6
G4,6814.0,14.58,24.58,5.0,9.59,0.21,27.28,2013,7
G4,6814.0,14.58,24.58,5.0,9.59,0.21,27.28,2013,8
G4,6814.0,14.58,24.58,5.0,9.59,0.21,27.28,2013,9
G4,6814.0,14.58,24.58,5.0,9.59,0.21,27.28,2013,10
G4,6814.0,14.58,24.58,5.0,9.59,0.21,27.28,2013,11
G4,6814.0,14.58,24.58,5.0,9.59,0.21,27.28,2013,12
G4,6814.0,14.58,24.58,5.0,9.59,0.21,27.28,2014,1
G4,6814.0,14.58,24.58,5.0,9.59,0.21,27.28,2014,2
G4,6814.0,14.58,24.58,5.0,9.59,0.21,27.28,2014,3
G4,6814.0,14.58,24.58,5.0,9.59,0.21,27.28,2014,4
G4,6814.0,14.58,24.58,5.0,9.59,0.21,27.28,2014,5
G4,6814.0,14.58,24.58,5.0,9.59,0.21,27.28,2014,6
G4,6814.0,14.58,24.58,5.0,9.59,0.21,27.28,2014,7
G4,6814.0,14.58,24.58,5.0,9.59,0.21,27.28,2014,8
G4,6814.0,14.58,24.58,5.0,9.59,0.21,27.28,2014,9
G4,6814.0,14.58,24.58,5.0,9.59,0.21,27.28,2014,10
G4,6814.0,14.58,24.58,5.0,9.59,0.21,27.28,2014,11
G4,6814.0,14.58,24.58,5.0,9.59,0.21,27.28,2014,12
G4,6814.0,14.58,24.58,5.0,9.59,0.21,27.28,2015,1
G4,6814.0,14.58,24.58,5.0,9.59,0.21,27.28,2015,2
G4,6814.0,14.58,24.58,5.0,9.59,0.21,27.28,2015,3
G4,6814.0,14.58,24.58,5.0,9.59,0.21,27.28,2015,4
G4,6814.0,14.58,24.58,5.0,9.59,0.21,27.28,2015,5
G4,6814.0,14.58,24.58,5.0,9.59,0.21,27.28,2015,6
G4,6814.0,14.58,24.58,5.0,9.59,0.21,27.28,2015,7
G4,6814.0,14.58,24.58,5.0,9.59,0.21,27.28,2015,8
G4,6814.0,14.58,24.58,5.0,9.59,0.21,27.28,2015,9
G4,6814.0,14.58,24.58,5.0,9.59,0.21,27.28,2015,10
G4,6814.0,14.58,24.58,5.0,9.59,0.21,27.28,2015,11
G4,6814.0,14.58,24.58,5.0,9.59,0.21,27.28,2015,12
G4,6814.0,14.58,24.58,5.0,9.59,0.21,27.28,2016,1
G4,6814.0,14.58,24.58,5.0,9.59,0.21,27.28,2016,2
G4,6814.0,14.58,24.58,5.0,9.59,0.21,27.28,2016,3
G4,6814.0,14.58,24.58,5.0,9.59,0.21,27.28,2016,4
G4,6814.0,14.58,24.58,5.0,9.59,0.21,27.28,2016,5
G4,6814.0,14.58,24.58,5.0,9.59,0.21,27.28,2016,6
G4,6814.0,14.58,24.58,5.0,9.59,0.21,27.28,2016,7
G4,6814.0,14.58,24.58,5.0,9.59,0.21,27.28,2016,8
G4,6814.0,14.58,24.58,5.0,9.59,0.21,27.28,2016,9
G4,6814.0,14.58,24.58,5.0,9.59,0.21,27.28,2016,10
G4,6814.0,14.58,24.58,5.0,9.59,0.21,27.28,2016,11
G4,6814.0,14.58,24.58,5.0,9.59,0.21,27.28,2016,12
G4,6814.0,14.58,24.58,5.0,9.59,0.21,27.28,2017,1
G4,6814.0,14.58,24.58,5.0,9.59,0.21,27.28,2017,2
G4,6814.0,14.58,24.58,5.0,9.59,0.21,27.28,2017,3
G4,6814.0,14.58,24.58,5.0,9.59,0.21,27.28,2017,4
G4,6814.0,14.58,24.58,5.0,9.59,0.21,27.28,2017,5
G4,6814.0,14.58,24.58,5.0,9.59,0.21,27.28,2017,6
G4,6814.0,14.58,24.58,5.0,9.59,0.21,27.28,2017,7
G4,6814.0,14.58,24.58,5.0,9.59,0.21,27.28,2017,8
G4,6814.0,14.58,24.58,5.0,9.59,0.21,27.28,2017,9
G4,6814.0,14.58,24.58,5.0,9.59,0.21,27.28,2017,10
G4,6814.0,14.58,24.58,5.0,9.59,0.21,27.28,2017,11
G4,6814.0,14.58,24.58,5.0,9.59,0.21,27.28,2017,12
G4,6814.0,14.58,24.58,5.0,9.59,0.21,27.28,2018,1
G4,7047.0,15.67,29.16,3.15,10.61,0.21,29.4,2018,2
G4,9276.0,15.59,27.52,2.23,9.76,0.31,29.39,2018,3
G4,8146.0,15.74,29.79,2.46,11.21,0.15,29.42,2018,4
G4,8033.0,20.32,35.04,2.92,10.36,0.14,35.05,2018,5
G4,9776.0,24.08,31.38,3.87,9.49,0.1,36.85,2018,6
G4,10325.0,24.24,23.25,5.58,12.97,0.06,35.82,2018,7
G4,8170.0,15.61,25.86,7.08,9.43,0.17,28.3,2018,8
G4,5724.0,12.25,26.91,6.68,6.93,0.14,27.9,2018,9
G4,7597.0,13.24,33.78,2.8,7.35,0.22,30.41,2018,10
G4,7641.0,14.48,24.92,2.79,11.8,0.22,28.12,2018,11
G4,7672.0,13.7,17.94,5.6,12.91,0.25,29.22,2018,12
HA,6273.0,4.02,40.68,0.26,0.68,0.26,6.42,2009,1
HA,5658.0,4.26,43.94,0.02,0.12,0.0,9.65,2009,2
HA,6137.0,3.14,36.11,0.64,0.15,0.1,6.15,2009,3
HA,5876.0,2.42,31.24,0.13,0.14,0.06,6.11,2009,4
HA,6122.0,2.97,32.83,0.08,0.52,0.05,7.1,2009,5
HA,6133.0,2.1,31.78,0.0,0.13,0.01,6.17,2009,6
HA,6645.0,2.96,35.66,0.52,0.13,0.2,8.82,2009,7
HA,6602.0,1.87,33.21,0.08,0.1,0.05,5.53,2009,8
HA,11808.0,2.55,36.66,0.0,0.43,0.2,7.54,2009,9
HA,8734.5,2.72,32.61,0.4,0.29,0.13,9.02,2009,10
HA,5661.0,2.9,28.56,0.79,0.15,0.06,10.51,2009,11
HA,5833.0,4.05,24.91,0.43,0.24,0.05,10.89,2009,12
HA,5734.0,4.31,27.72,0.16,1.64,0.02,9.66,2010,1
HA,5094.0,3.2,21.73,0.0,0.16,0.02,9.22,2010,2
HA,5453.0,4.31,32.61,0.0,0.06,0.0,10.43,2010,3
HA,5333.0,3.31,40.02,0.05,0.21,0.0,10.24,2010,4
HA,5511.0,2.11,20.76,2.55,0.02,0.0,10.5,2010,5
HA,5864.0,2.87,33.4,0.0,0.2,0.28,10.28,2010,6
HA,6392.0,3.48,46.34,0.0,0.25,0.08,11.38,2010,7
HA,6349.0,2.72,47.74,0.0,0.15,0.2,7.38,2010,8
HA,5484.0,2.39,38.68,0.41,0.04,0.63,11.88,2010,9
HA,5529.0,2.57,40.06,0.22,0.15,0.0,7.84,2010,10
HA,5328.0,2.79,26.63,0.69,0.08,0.14,7.59,2010,11
HA,5578.0,6.14,28.1,0.27,0.19,0.07,19.36,2010,12
HA,5549.0,3.79,29.29,0.95,0.08,0.01,11.73,2011,1
HA,5052.0,3.82,25.07,0.01,0.04,0.0,14.89,2011,2
HA,5617.0,4.55,20.9,0.03,0.04,0.0,18.3,2011,3
HA,5560.0,2.87,28.72,0.0,0.0,0.0,15.42,2011,4
HA,5707.0,4.21,28.37,4.03,0.0,0.0,16.25,2011,5
HA,11494.0,3.63,32.59,0.08,0.2,0.02,13.79,2011,6
HA,8663.0,3.3,33.46,0.08,0.16,0.01,13.68,2011,7
HA,5832.0,2.98,34.32,0.07,0.11,0.0,13.56,2011,8
HA,5368.0,3.34,46.98,0.24,0.09,0.38,19.11,2011,9
HA,5485.0,3.01,39.2,0.0,0.33,0.1,14.16,2011,10
HA,5324.0,3.76,29.65,0.12,0.8,0.21,11.59,2011,11
HA,5523.0,4.19,27.04,0.51,0.35,0.01,13.06,2011,12
HA,5859.0,4.27,38.16,5.19,0.54,0.1,12.55,2012,1
HA,5627.0,4.2,27.89,1.56,0.25,0.05,17.9,2012,2
HA,6208.0,3.85,36.44,0.87,0.3,0.04,10.71,2012,3
HA,6037.0,3.15,38.73,0.0,0.02,0.02,12.79,2012,4
HA,6246.0,2.9,40.27,0.12,0.38,0.12,8.07,2012,5
HA,6470.0,2.86,29.06,0.19,1.77,0.04,10.92,2012,6
HA,6769.0,5.39,25.39,0.04,0.18,0.16,19.44,2012,7
HA,6628.0,4.25,32.22,0.0,0.09,0.13,13.08,2012,8
HA,6005.0,2.32,41.14,0.0,2.3,0.31,6.15,2012,9
HA,6204.0,2.3,31.24,0.32,0.11,0.06,8.01,2012,10
HA,5985.0,4.0,43.08,0.19,3.72,0.01,14.34,2012,11
HA,6071.0,2.83,25.87,0.23,1.05,0.14,9.56,2012,12
HA,5982.0,4.86,48.07,0.87,0.31,0.18,11.52,2013,1
HA,5430.0,3.83,28.05,0.76,0.69,0.0,11.96,2013,2
HA,6000.0,3.85,25.68,1.42,0.05,0.05,12.82,2013,3
HA,5789.0,3.74,39.03,0.26,0.46,0.01,12.24,2013,4
HA,6025.0,3.58,30.17,0.1,0.16,0.08,11.7,2013,5
HA,6320.0,3.09,25.21,0.0,0.29,0.02,13.81,2013,6
HA,6646.0,3.79,48.54,0.9,0.96,0.0,12.28,2013,7
HA,6408.0,3.14,35.89,0.21,0.6,0.06,11.72,2013,8
HA,5831.0,2.63,44.07,0.37,1.65,0.0,9.3,2013,9
HA,5985.0,2.21,29.25,0.25,0.53,0.03,10.3,2013,10
HA,5838.0,2.98,30.74,1.11,5.41,1.7,11.15,2013,11
HA,6032.0,3.56,28.24,2.58,0.19,0.01,14.09,2013,12
HA,6019.0,2.84,20.69,4.27,0.83,0.0,10.8,2014,1
HA,5418.0,3.71,25.6,2.64,0.38,0.0,12.62,2014,2
HA,6073.0,2.82,25.13,0.22,0.72,0.04,10.59,2014,3
HA,5910.0,2.87,32.69,0.06,0.35,0.43,14.62,2014,4
HA,6223.0,2.8,26.16,0.49,0.35,0.05,13.24,2014,5
HA,6399.0,2.08,29.09,0.21,0.3,0.02,9.12,2014,6
HA,6808.0,3.11,28.57,0.52,0.69,0.11,12.58,2014,7
HA,6811.0,3.38,41.62,0.94,0.38,0.06,12.31,2014,8
HA,6179.0,5.41,35.66,0.16,10.35,0.0,10.71,2014,9
HA,6329.0,4.09,25.42,0.09,0.55,0.03,13.0,2014,10
HA,6137.0,3.25,20.05,0.4,1.17,0.0,10.97,2014,11
HA,6426.0,5.11,27.6,1.06,0.46,0.02,14.8,2014,12
HA,6440.0,5.2,18.98,1.57,1.9,0.18,16.84,2015,1
HA,5779.0,6.11,20.63,2.42,0.72,0.02,15.04,2015,2
HA,6313.0,4.39,23.08,2.31,0.35,0.01,12.06,2015,3
HA,6093.0,2.47,25.4,0.98,0.25,0.0,8.1,2015,4
HA,6434.0,3.23,22.72,0.53,1.17,0.0,13.35,2015,5
HA,6677.0,3.07,26.85,0.11,0.31,0.04,8.11,2015,6
HA,6955.0,4.56,23.85,0.62,0.53,0.05,13.84,2015,7
HA,6901.0,8.26,22.62,0.86,0.48,0.04,24.06,2015,8
HA,6154.0,5.87,18.5,2.88,0.38,0.03,17.25,2015,9
HA,6242.0,3.93,24.09,0.49,1.86,0.06,11.42,2015,10
HA,6024.0,2.68,24.23,0.67,0.1,0.0,9.43,2015,11
HA,6260.0,3.48,32.1,0.4,0.28,0.08,10.06,2015,12
HA,6279.0,2.7,26.77,1.71,0.53,0.13,7.23,2016,1
HA,5851.0,3.02,20.89,1.34,0.72,0.07,11.74,2016,2
HA,6355.0,3.64,16.77,2.19,0.49,0.22,13.31,2016,3
HA,6239.0,2.81,21.72,0.61,6.41,0.16,10.25,2016,4
HA,6432.0,3.87,23.27,2.58,1.35,0.0,13.06,2016,5
HA,6731.0,3.99,27.98,0.35,0.94,0.05,12.14,2016,6
HA,7022.0,5.91,27.64,1.01,0.98,0.01,19.24,2016,7
HA,7049.0,3.27,23.42,0.15,0.97,0.04,13.34,2016,8
HA,6178.0,3.48,21.43,0.36,2.36,0.31,11.58,2016,9
HA,6232.0,3.82,33.09,0.09,0.48,0.09,14.96,2016,10
HA,6074.0,3.57,27.35,0.83,0.35,0.02,10.56,2016,11
HA,6347.0,7.31,31.38,4.99,0.41,0.25,13.07,2016,12
HA,6276.0,6.44,29.94,0.9,0.25,0.12,14.11,2017,1
HA,5789.0,10.59,18.3,5.05,1.72,0.03,26.68,2017,2
HA,6596.0,5.76,20.61,2.48,0.54,0.12,15.89,2017,3
HA,6470.0,3.95,23.38,0.94,0.35,0.0,12.89,2017,4
HA,6790.0,4.64,28.27,0.13,1.63,0.03,12.44,2017,5
HA,7076.0,4.46,29.25,0.02,1.14,0.07,10.99,2017,6
HA,7308.0,3.57,22.7,0.19,1.11,0.35,12.98,2017,7
HA,7280.0,3.52,28.49,0.56,0.87,0.02,13.47,2017,8
HA,6571.0,2.89,31.12,1.31,0.46,0.09,9.49,2017,9
HA,6744.0,4.44,21.24,2.3,0.3,0.09,14.66,2017,10
HA,6500.0,4.07,23.06,0.26,0.25,0.03,12.17,2017,11
HA,6772.0,8.51,21.58,2.0,0.93,0.02,19.42,2017,12
HA,6627.0,5.44,26.53,4.33,0.88,0.5,11.19,2018,1
HA,5990.0,8.52,20.84,3.58,0.21,0.01,18.33,2018,2
HA,6871.0,5.87,23.43,1.34,1.05,0.12,14.19,2018,3
HA,6741.0,5.62,27.67,2.53,1.92,0.09,13.71,2018,4
HA,7054.0,4.21,27.6,1.51,0.94,0.03,11.81,2018,5
HA,7303.0,4.56,32.0,0.6,0.7,0.13,12.05,2018,6
HA,7397.0,3.47,31.73,0.19,0.83,0.25,8.64,2018,7
HA,7570.0,5.91,45.39,2.56,1.73,0.14,18.23,2018,8
HA,6920.0,4.42,39.01,0.41,0.48,0.13,10.62,2018,9
HA,7159.0,4.48,32.05,1.22,1.89,0.49,10.55,2018,10
HA,6877.0,3.4,29.47,1.3,1.11,0.09,8.76,2018,11
HA,7214.0,4.82,26.87,0.61,0.78,0.06,11.57,2018,12
MQ,34937.0,12.67,12.3,6.7,16.8,0.01,20.59,2009,1
MQ,31965.0,8.56,16.99,2.23,14.97,0.01,17.94,2009,2
MQ,35929.0,10.54,16.38,3.99,15.13,0.0,19.43,2009,3
MQ,35759.0,12.59,13.48,6.0,18.52,0.0,23.17,2009,4
MQ,37408.0,11.56,14.5,4.37,14.94,0.02,21.67,2009,5
MQ,36732.0,13.24,16.12,4.73,16.04,0.02,21.05,2009,6
MQ,38097.0,11.36,16.72,2.93,12.45,0.01,22.5,2009,7
MQ,38205.0,10.88,17.11,3.07,14.03,0.1,22.39,2009,8
MQ,73572.0,7.47,18.33,3.76,11.63,0.03,18.01,2009,9
MQ,54909.5,6.8,17.74,2.98,10.96,0.02,17.12,2009,10
MQ,36247.0,6.12,17.15,2.2,10.3,0.01,16.24,2009,11
MQ,36819.0,17.32,14.38,6.21,15.24,0.06,24.2,2009,12
MQ,36742.0,11.73,14.56,3.51,13.25,0.21,20.18,2010,1
MQ,33320.0,11.74,13.29,4.54,15.13,0.04,20.26,2010,2
MQ,37089.0,10.31,15.02,4.78,15.8,0.01,20.41,2010,3
MQ,35991.0,9.12,16.41,2.72,13.94,0.0,19.79,2010,4
MQ,36660.0,14.14,15.64,4.46,16.03,0.02,22.08,2010,5
MQ,35738.0,17.53,15.58,4.05,16.64,0.02,24.41,2010,6
MQ,37066.0,15.16,17.31,3.88,12.82,0.02,21.72,2010,7
MQ,37697.0,10.57,18.61,3.08,12.67,0.01,19.16,2010,8
MQ,36524.0,8.39,16.1,4.36,13.46,0.0,17.86,2010,9
MQ,37766.0,6.62,17.26,4.74,14.67,0.03,15.96,2010,10
MQ,35778.0,7.49,15.45,3.83,14.69,0.02,16.36,2010,11
MQ,36605.0,11.93,16.6,4.8,15.36,0.27,18.26,2010,12
MQ,36832.0,10.49,15.6,4.21,15.85,0.0,17.65,2011,1
MQ,33523.0,16.53,16.72,7.34,15.7,0.01,22.6,2011,2
MQ,37664.0,10.2,19.28,2.31,14.55,0.01,19.02,2011,3
MQ,37599.0,15.29,16.37,4.22,19.13,0.01,21.09,2011,4
MQ,39142.0,17.19,16.84,7.9,20.69,0.0,22.27,2011,5
MQ,76766.0,12.67,17.62,6.22,16.55,0.0,19.63,2011,6
MQ,58063.0,11.66,18.15,5.14,15.64,0.0,18.48,2011,7
MQ,39360.0,10.65,18.68,4.07,14.74,0.01,17.33,2011,8
MQ,36552.0,6.98,17.16,3.34,16.23,0.0,14.24,2011,9
MQ,37685.0,6.79,17.32,4.14,14.18,0.01,15.04,2011,10
MQ,35703.0,7.87,16.33,2.53,17.76,0.01,13.23,2011,11
MQ,36449.0,8.47,17.87,3.92,13.54,0.01,16.23,2011,12
MQ,36939.0,8.36,16.5,7.74,15.72,0.01,16.56,2012,1
MQ,36183.0,6.78,16.35,5.54,13.99,0.04,15.71,2012,2
MQ,38667.0,9.52,19.22,6.16,14.22,0.06,19.44,2012,3
MQ,40316.0,7.7,19.89,6.58,10.29,0.0,19.56,2012,4
MQ,41684.0,8.8,15.5,7.17,17.06,0.05,18.63,2012,5
MQ,40882.0,9.98,21.64,4.86,11.64,0.03,20.45,2012,6
MQ,41670.0,14.38,19.99,7.26,12.88,0.01,23.26,2012,7
MQ,42418.0,11.83,19.72,4.9,12.14,0.03,21.67,2012,8
MQ,38870.0,7.49,21.34,2.85,13.83,0.08,19.57,2012,9
MQ,41344.0,9.27,20.63,2.03,14.57,0.01,19.05,2012,10
MQ,37363.0,8.29,21.79,4.84,11.58,0.01,22.54,2012,11
MQ,36804.0,15.94,18.03,11.04,13.78,0.02,25.85,2012,12
MQ,37693.0,13.44,17.52,8.13,14.7,0.01,21.91,2013,1
MQ,33627.0,15.06,15.78,6.62,15.66,0.01,22.81,2013,2
MQ,36854.0,11.57,17.37,6.15,14.72,0.0,20.97,2013,3
MQ,37211.0,19.79,16.63,7.86,17.95,0.02,28.1,2013,4
MQ,38335.0,17.66,15.57,6.19,16.6,0.01,26.52,2013,5
MQ,37701.0,24.53,16.4,8.05,15.42,0.03,31.25,2013,6
MQ,39150.0,20.53,18.88,3.09,12.72,0.01,26.34,2013,7
MQ,38711.0,13.67,16.45,4.23,12.33,0.01,23.65,2013,8
MQ,35621.0,8.9,15.64,4.59,13.11,0.02,22.4,2013,9
MQ,36973.0,8.49,14.41,2.07,12.31,0.04,19.69,2013,10
MQ,33794.0,7.8,14.86,3.22,15.15,0.14,17.39,2013,11
MQ,34195.0,19.44,13.05,9.61,16.36,0.01,26.43,2013,12
MQ,34382.0,20.14,16.5,9.58,18.06,0.01,26.29,2014,1
MQ,30938.0,14.31,16.23,5.0,16.77,0.01,21.64,2014,2
MQ,34669.0,11.24,13.77,3.91,15.31,0.0,19.32,2014,3
MQ,34044.0,11.05,13.94,4.86,15.64,0.03,20.76,2014,4
MQ,34962.0,13.37,15.0,5.01,16.71,0.09,20.6,2014,5
MQ,33509.0,17.13,13.84,5.12,16.97,0.07,21.67,2014,6
MQ,34024.0,10.58,14.66,2.77,13.55,0.07,18.55,2014,7
MQ,33241.0,13.3,12.34,3.98,18.13,0.05,21.65,2014,8
MQ,31269.0,10.83,13.56,1.84,15.81,0.07,18.96,2014,9
MQ,32010.0,15.64,12.56,3.04,19.43,0.07,21.36,2014,10
MQ,29169.0,13.61,13.48,5.13,14.91,0.06,20.82,2014,11
MQ,30484.0,16.04,14.79,3.66,12.56,0.11,20.78,2014,12
MQ,29900.0,18.83,15.53,5.71,16.02,0.1,25.98,2015,1
MQ,26940.0,21.0,13.99,7.34,17.39,0.09,26.32,2015,2
MQ,28146.0,15.28,18.08,4.5,13.53,0.17,23.02,2015,3
MQ,25695.0,12.46,15.33,8.24,17.02,0.18,20.48,2015,4
MQ,25431.0,12.94,18.17,10.16,14.99,0.14,21.2,2015,5
MQ,25407.0,15.88,16.87,5.46,15.52,0.12,22.33,2015,6
MQ,24750.0,12.29,16.93,5.04,15.42,0.06,23.58,2015,7
MQ,23881.0,11.77,21.49,3.73,13.8,0.07,23.04,2015,8
MQ,21202.0,8.71,19.71,4.58,15.0,0.13,19.99,2015,9
MQ,21982.0,7.58,25.09,6.1,11.3,0.1,22.64,2015,10
MQ,20305.0,10.98,23.37,10.01,17.43,0.03,24.32,2015,11
MQ,20993.0,10.62,17.29,11.95,13.15,0.2,21.66,2015,12
MQ,21053.36,10.68,17.21,11.72,13.17,0.19,21.7,2016,1
MQ,21113.72,10.74,17.13,11.49,13.2,0.19,21.73,2016,2
MQ,21174.08,10.8,17.05,11.26,13.22,0.18,21.77,2016,3
MQ,21234.44,10.86,16.97,11.03,13.25,0.18,21.8,2016,4
MQ,21294.8,10.92,16.9,10.8,13.27,0.17,21.84,2016,5
MQ,21355.16,10.98,16.82,10.57,13.3,0.16,21.87,2016,6
MQ,21415.52,11.04,16.74,10.34,13.32,0.16,21.91,2016,7
MQ,21475.88,11.1,16.66,10.11,13.35,0.15,21.94,2016,8
MQ,21536.24,11.16,16.58,9.88,13.37,0.15,21.98,2016,9
MQ,21596.6,11.22,16.5,9.65,13.4,0.14,22.01,2016,10
MQ,21656.96,11.28,16.42,9.42,13.42,0.13,22.05,2016,11
MQ,21717.32,11.34,16.34,9.19,13.45,0.13,22.08,2016,12
MQ,21777.68,11.41,16.27,8.96,13.47,0.12,22.12,2017,1
MQ,21838.04,11.47,16.19,8.73,13.5,0.12,22.15,2017,2
MQ,21898.4,11.53,16.11,8.5,13.52,0.11,22.19,2017,3
MQ,21958.76,11.59,16.03,8.27,13.55,0.1,22.22,2017,4
MQ,22019.12,11.65,15.95,8.04,13.57,0.1,22.26,2017,5
MQ,22079.48,11.71,15.87,7.81,13.6,0.09,22.29,2017,6
MQ,22139.84,11.77,15.79,7.58,13.62,0.09,22.33,2017,7
MQ,22200.2,11.83,15.71,7.35,13.65,0.08,22.36,2017,8
MQ,22260.56,11.89,15.64,7.12,13.67,0.07,22.4,2017,9
MQ,22320.92,11.95,15.56,6.89,13.7,0.07,22.43,2017,10
MQ,22381.28,12.01,15.48,6.66,13.72,0.06,22.47,2017,11
MQ,22441.64,12.07,15.4,6.43,13.75,0.06,22.5,2017,12
MQ,22502.0,12.13,15.32,6.2,13.77,0.05,22.54,2018,1
MQ,20681.0,13.63,12.11,7.51,16.82,0.04,24.55,2018,2
MQ,23685.0,7.22,16.34,2.76,11.51,0.08,19.85,2018,3
MQ,24068.0,8.89,13.97,4.58,15.95,0.03,21.17,2018,4
MQ,25364.0,12.93,15.24,6.64,18.51,0.09,26.66,2018,5
MQ,25961.0,16.03,15.37,4.64,17.64,0.03,27.3,2018,6
MQ,26139.0,13.32,13.98,4.08,16.43,0.08,25.98,2018,7
MQ,26429.0,13.26,12.76,5.48,21.17,0.05,24.36,2018,8
MQ,24836.0,10.08,13.23,5.96,20.64,0.03,22.06,2018,9
MQ,26147.0,9.34,12.21,5.32,16.59,0.06,22.03,2018,10
MQ,24593.0,10.69,12.88,5.36,17.13,0.01,24.66,2018,11
MQ,25596.0,11.1,13.13,4.67,13.89,0.04,22.04,2018,12
NK,8743.0,16.39,8.66,0.26,40.03,0.16,10.52,2009,1
NK,8743.0,16.39,8.66,0.26,40.03,0.16,10.52,2009,2
NK,8743.0,16.39,8.66,0.26,40.03,0.16,10.52,2009,3
NK,8743.0,16.39,8.66,0.26,40.03,0.16,10.52,2009,4
NK,8743.0,16.39,8.66,0.26,40.03,0.16,10.52,2009,5
NK,8743.0,16.39,8.66,0.26,40.03,0.16,10.52,2009,6
NK,8743.0,16.39,8.66,0.26,40.03,0.16,10.52,2009,7
NK,8743.0,16.39,8.66,0.26,40.03,0.16,10.52,2009,8
NK,8743.0,16.39,8.66,0.26,40.03,0.16,10.52,2009,9
NK,8743.0,16.39,8.66,0.26,40.03,0.16,10.52,2009,10
NK,8743.0,16.39,8.66,0.26,40.03,0.16,10.52,2009,11
NK,8743.0,16.39,8.66,0.26,40.03,0.16,10.52,2009,12
NK,8743.0,16.39,8.66,0.26,40.03,0.16,10.52,2010,1
NK,8743.0,16.39,8.66,0.26,40.03,0.16,10.52,2010,2
NK,8743.0,16.39,8.66,0.26,40.03,0.16,10.52,2010,3
NK,8743.0,16.39,8.66,0.26,40.03,0.16,10.52,2010,4
NK,8743.0,16.39,8.66,0.26,40.03,0.16,10.52,2010,5
NK,8743.0,16.39,8.66,0.26,40.03,0.16,10.52,2010,6
NK,8743.0,16.39,8.66,0.26,40.03,0.16,10.52,2010,7
NK,8743.0,16.39,8.66,0.26,40.03,0.16,10.52,2010,8
NK,8743.0,16.39,8.66,0.26,40.03,0.16,10.52,2010,9
NK,8743.0,16.39,8.66,0.26,40.03,0.16,10.52,2010,10
NK,8743.0,16.39,8.66,0.26,40.03,0.16,10.52,2010,11
NK,8743.0,16.39,8.66,0.26,40.03,0.16,10.52,2010,12
NK,8743.0,16.39,8.66,0.26,40.03,0.16,10.52,2011,1
NK,8743.0,16.39,8.66,0.26,40.03,0.16,10.52,2011,2
NK,8743.0,16.39,8.66,0.26,40.03,0.16,10.52,2011,3
NK,8743.0,16.39,8.66,0.26,40.03,0.16,10.52,2011,4
NK,8743.0,16.39,8.66,0.26,40.03,0.16,10.52,2011,5
NK,8743.0,16.39,8.66,0.26,40.03,0.16,10.52,2011,6
NK,8743.0,16.39,8.66,0.26,40.03,0.16,10.52,2011,7
NK,8743.0,16.39,8.66,0.26,40.03,0.16,10.52,2011,8
NK,8743.0,16.39,8.66,0.26,40.03,0.16,10.52,2011,9
NK,8743.0,16.39,8.66,0.26,40.03,0.16,10.52,2011,10
NK,8743.0,16.39,8.66,0.26,40.03,0.16,10.52,2011,11
NK,8743.0,16.39,8.66,0.26,40.03,0.16,10.52,2011,12
NK,8743.0,16.39,8.66,0.26,40.03,0.16,10.52,2012,1
NK,8743.0,16.39,8.66,0.26,40.03,0.16,10.52,2012,2
NK,8743.0,16.39,8.66,0.26,40.03,0.16,10.52,2012,3
NK,8743.0,16.39,8.66,0.26,40.03,0.16,10.52,2012,4
NK,8743.0,16.39,8.66,0.26,40.03,0.16,10.52,2012,5
NK,8743.0,16.39,8.66,0.26,40.03,0.16,10.52,2012,6
NK,8743.0,16.39,8.66,0.26,40.03,0.16,10.52,2012,7
NK,8743.0,16.39,8.66,0.26,40.03,0.16,10.52,2012,8
NK,8743.0,16.39,8.66,0.26,40.03,0.16,10.52,2012,9
NK,8743.0,16.39,8.66,0.26,40.03,0.16,10.52,2012,10
NK,8743.0,16.39,8.66,0.26,40.03,0.16,10.52,2012,11
NK,8743.0,16.39,8.66,0.26,40.03,0.16,10.52,2012,12
NK,8743.0,16.39,8.66,0.26,40.03,0.16,10.52,2013,1
NK,8743.0,16.39,8.66,0.26,40.03,0.16,10.52,2013,2
NK,8743.0,16.39,8.66,0.26,40.03,0.16,10.52,2013,3
NK,8743.0,16.39,8.66,0.26,40.03,0.16,10.52,2013,4
NK,8743.0,16.39,8.66,0.26,40.03,0.16,10.52,2013,5
NK,8743.0,16.39,8.66,0.26,40.03,0.16,10.52,2013,6
NK,8743.0,16.39,8.66,0.26,40.03,0.16,10.52,2013,7
NK,8743.0,16.39,8.66,0.26,40.03,0.16,10.52,2013,8
NK,8743.0,16.39,8.66,0.26,40.03,0.16,10.52,2013,9
NK,8743.0,16.39,8.66,0.26,40.03,0.16,10.52,2013,10
NK,8743.0,16.39,8.66,0.26,40.03,0.16,10.52,2013,11
NK,8743.0,16.39,8.66,0.26,40.03,0.16,10.52,2013,12
NK,8743.0,16.39,8.66,0.26,40.03,0.16,10.52,2014,1
NK,8743.0,16.39,8.66,0.26,40.03,0.16,10.52,2014,2
NK,8743.0,16.39,8.66,0.26,40.03,0.16,10.52,2014,3
NK,8743.0,16.39,8.66,0.26,40.03,0.16,10.52,2014,4
NK,8743.0,16.39,8.66,0.26,40.03,0.16,10.52,2014,5
NK,8743.0,16.39,8.66,0.26,40.03,0.16,10.52,2014,6
NK,8743.0,16.39,8.66,0.26,40.03,0.16,10.52,2014,7
NK,8743.0,16.39,8.66,0.26,40.03,0.16,10.52,2014,8
NK,8743.0,16.39,8.66,0.26,40.03,0.16,10.52,2014,9
NK,8743.0,16.39,8.66,0.26,40.03,0.16,10.52,2014,10
NK,8743.0,16.39,8.66,0.26,40.03,0.16,10.52,2014,11
NK,8743.0,16.39,8.66,0.26,40.03,0.16,10.52,2014,12
NK,8743.0,16.39,8.66,0.26,40.03,0.16,10.52,2015,1
NK,8089.0,19.8,14.96,2.39,24.59,0.07,20.97,2015,2
NK,9400.0,15.89,15.58,1.44,23.93,0.12,21.12,2015,3
NK,9496.0,13.18,10.01,1.71,25.51,0.08,16.8,2015,4
NK,10051.0,25.96,15.83,2.44,23.18,0.21,27.69,2015,5
NK,9826.0,37.97,20.44,1.42,26.15,0.13,32.16,2015,6
NK,10351.0,19.04,13.64,1.08,23.04,0.3,22.44,2015,7
NK,10432.0,24.6,12.95,0.86,34.5,0.08,19.85,2015,8
NK,9948.0,13.23,15.43,0.81,22.19,0.08,19.05,2015,9
NK,10208.0,11.84,2.59,0.09,47.3,0.11,4.42,2015,10
NK,10164.0,12.38,12.42,1.31,25.38,0.17,13.68,2015,11
NK,10671.0,17.35,14.88,1.05,19.76,0.25,21.17,2015,12
NK,11047.0,17.57,16.12,1.05,19.18,0.18,21.0,2016,1
NK,10354.0,23.91,11.82,0.66,38.6,0.07,17.21,2016,2
NK,11246.0,21.28,0.86,0.05,57.74,0.01,1.03,2016,3
NK,11281.0,15.09,12.78,1.05,23.67,0.16,19.28,2016,4
NK,11992.0,13.6,12.05,2.08,24.28,0.16,18.38,2016,5
NK,11605.0,15.05,13.38,1.35,22.68,0.25,19.86,2016,6
NK,11995.0,18.35,4.45,0.47,54.97,0.03,8.85,2016,7
NK,11992.0,21.08,6.99,1.4,52.76,0.18,13.12,2016,8
NK,11151.0,9.88,1.91,0.15,60.13,0.01,2.62,2016,9
NK,11503.0,10.5,11.02,0.33,44.19,0.1,13.4,2016,10
NK,11607.0,8.68,13.8,1.15,28.2,0.1,18.71,2016,11
NK,12426.0,17.47,16.36,1.14,28.02,0.08,21.05,2016,12
NK,12570.0,16.06,9.08,0.73,43.84,0.04,12.14,2017,1
NK,11443.0,11.22,15.1,0.85,30.08,0.09,17.39,2017,2
NK,12882.0,16.72,17.41,1.21,30.33,0.05,22.05,2017,3
NK,12544.0,16.52,18.98,0.95,30.85,0.13,23.26,2017,4
NK,13405.0,18.78,16.58,1.25,31.5,0.16,19.93,2017,5
NK,13486.0,21.64,14.21,2.5,32.36,0.35,24.35,2017,6
NK,14212.0,17.88,6.97,1.58,51.1,0.1,11.51,2017,7
NK,14253.0,13.72,9.86,2.09,38.07,0.12,14.45,2017,8
NK,12919.0,12.67,21.4,1.99,24.78,0.15,21.71,2017,9
NK,13080.0,9.89,16.98,1.95,28.32,0.58,24.16,2017,10
NK,12806.0,7.13,17.59,0.29,25.44,0.72,19.53,2017,11
NK,13218.0,12.61,16.96,2.12,29.6,0.19,19.16,2017,12
NK,14180.0,10.36,17.51,1.2,30.12,0.17,17.35,2018,1
NK,12971.0,14.22,17.77,2.46,36.38,0.12,25.48,2018,2
NK,14841.0,9.76,16.64,1.89,30.22,0.09,19.85,2018,3
NK,14548.0,13.92,2.48,0.09,71.65,0.02,4.4,2018,4
NK,14889.0,15.42,13.26,3.95,38.3,0.17,23.92,2018,5
NK,15433.0,16.26,6.31,2.28,52.08,0.08,11.61,2018,6
NK,16093.0,19.82,13.44,4.18,37.66,0.05,22.84,2018,7
NK,16095.0,21.22,15.54,3.04,36.67,0.24,27.08,2018,8
NK,13917.0,11.94,16.21,2.27,37.1,0.15,21.62,2018,9
NK,13780.0,7.34,12.76,1.12,35.26,0.24,14.11,2018,10
NK,14418.0,11.56,14.25,0.88,33.42,0.73,15.66,2018,11
NK,15013.0,10.25,15.91,1.41,29.01,0.11,15.94,2018,12
NW,22945.0,9.27,18.27,2.97,18.65,0.03,9.36,2009,1
NW,21950.0,8.0,18.95,4.96,17.51,0.03,11.28,2009,2
NW,25718.0,6.75,16.67,3.77,16.57,0.02,8.84,2009,3
NW,24675.0,7.5,18.85,3.83,14.82,0.04,11.18,2009,4
NW,25086.0,6.87,17.92,3.38,15.29,0.07,9.08,2009,5
NW,27513.0,11.66,18.33,5.25,14.97,0.08,14.26,2009,6
NW,29328.0,10.89,19.55,3.18,13.02,0.06,13.91,2009,7
NW,27098.0,12.22,20.01,3.32,14.59,0.15,13.61,2009,8
NW,43880.0,5.87,16.71,1.56,14.46,0.04,8.35,2009,9
NW,32719.0,5.68,20.04,2.64,12.39,0.05,9.09,2009,10
NW,21558.0,5.48,23.37,3.72,10.31,0.06,9.84,2009,11
NW,22649.0,12.62,20.08,3.32,13.6,0.1,11.66,2009,12
NW,22649.0,12.62,20.08,3.32,13.6,0.1,11.66,2010,1
NW,22649.0,12.62,20.08,3.32,13.6,0.1,11.66,2010,2
NW,22649.0,12.62,20.08,3.32,13.6,0.1,11.66,2010,3
NW,22649.0,12.62,20.08,3.32,13.6,0.1,11.66,2010,4
NW,22649.0,12.62,20.08,3.32,13.6,0.1,11.66,2010,5
NW,22649.0,12.62,20.08,3.32,13.6,0.1,11.66,2010,6
NW,22649.0,12.62,20.08,3.32,13.6,0.1,11.66,2010,7
NW,22649.0,12.62,20.08,3.32,13.6,0.1,11.66,2010,8
NW,22649.0,12.62,20.08,3.32,13.6,0.1,11.66,2010,9
NW,22649.0,12.62,20.08,3.32,13.6,0.1,11.66,2010,10
NW,22649.0,12.62,20.08,3.32,13.6,0.1,11.66,2010,11
NW,22649.0,12.62,20.08,3.32,13.6,0.1,11.66,2010,12
NW,22649.0,12.62,20.08,3.32,13.6,0.1,11.66,2011,1
NW,22649.0,12.62,20.08,3.32,13.6,0.1,11.66,2011,2
NW,22649.0,12.62,20.08,3.32,13.6,0.1,11.66,2011,3
NW,22649.0,12.62,20.08,3.32,13.6,0.1,11.66,2011,4
NW,22649.0,12.62,20.08,3.32,13.6,0.1,11.66,2011,5
NW,22649.0,12.62,20.08,3.32,13.6,0.1,11.66,2011,6
NW,22649.0,12.62,20.08,3.32,13.6,0.1,11.66,2011,7
NW,22649.0,12.62,20.08,3.32,13.6,0.1,11.66,2011,8
NW,22649.0,12.62,20.08,3.32,13.6,0.1,11.66,2011,9
NW,22649.0,12.62,20.08,3.32,13.6,0.1,11.66,2011,10
NW,22649.0,12.62,20.08,3.32,13.6,0.1,11.66,2011,11
NW,22649.0,12.62,20.08,3.32,13.6,0.1,11.66,2011,12
NW,22649.0,12.62,20.08,3.32,13.6,0.1,11.66,2012,1
NW,22649.0,12.62,20.08,3.32,13.6,0.1,11.66,2012,2
NW,22649.0,12.62,20.08,3.32,13.6,0.1,11.66,2012,3
NW,22649.0,12.62,20.08,3.32,13.6,0.1,11.66,2012,4
NW,22649.0,12.62,20.08,3.32,13.6,0.1,11.66,2012,5
NW,22649.0,12.62,20.08,3.32,13.6,0.1,11.66,2012,6
NW,22649.0,12.62,20.08,3.32,13.6,0.1,11.66,2012,7
NW,22649.0,12.62,20.08,3.32,13.6,0.1,11.66,2012,8
NW,22649.0,12.62,20.08,3.32,13.6,0.1,11.66,2012,9
NW,22649.0,12.62,20.08,3.32,13.6,0.1,11.66,2012,10
NW,22649.0,12.62,20.08,3.32,13.6,0.1,11.66,2012,11
NW,22649.0,12.62,20.08,3.32,13.6,0.1,11.66,2012,12
NW,22649.0,12.62,20.08,3.32,13.6,0.1,11.66,2013,1
NW,22649.0,12.62,20.08,3.32,13.6,0.1,11.66,2013,2
NW,22649.0,12.62,20.08,3.32,13.6,0.1,11.66,2013,3
NW,22649.0,12.62,20.08,3.32,13.6,0.1,11.66,2013,4
NW,22649.0,12.62,20.08,3.32,13.6,0.1,11.66,2013,5
NW,22649.0,12.62,20.08,3.32,13.6,0.1,11.66,2013,6
NW,22649.0,12.62,20.08,3.32,13.6,0.1,11.66,2013,7
NW,22649.0,12.62,20.08,3.32,13.6,0.1,11.66,2013,8
NW,22649.0,12.62,20.08,3.32,13.6,0.1,11.66,2013,9
NW,22649.0,12.62,20.08,3.32,13.6,0.1,11.66,2013,10
NW,22649.0,12.62,20.08,3.32,13.6,0.1,11.66,2013,11
NW,22649.0,12.62,20.08,3.32,13.6,0.1,11.66,2013,12
NW,22649.0,12.62,20.08,3.32,13.6,0.1,11.66,2014,1
NW,22649.0,12.62,20.08,3.32,13.6,0.1,11.66,2014,2
NW,22649.0,12.62,20.08,3.32,13.6,0.1,11.66,2014,3
NW,22649.0,12.62,20.08,3.32,13.6,0.1,11.66,2014,4
NW,22649.0,12.62,20.08,3.32,13.6,0.1,11.66,2014,5
NW,22649.0,12.62,20.08,3.32,13.6,0.1,11.66,2014,6
NW,22649.0,12.62,20.08,3.32,13.6,0.1,11.66,2014,7
NW,22649.0,12.62,20.08,3.32,13.6,0.1,11.66,2014,8
NW,22649.0,12.62,20.08,3.32,13.6,0.1,11.66,2014,9
NW,22649.0,12.62,20.08,3.32,13.6,0.1,11.66,2014,10
NW,22649.0,12.62,20.08,3.32,13.6,0.1,11.66,2014,11
NW,22649.0,12.62,20.08,3.32,13.6,0.1,11.66,2014,12
NW,22649.0,12.62,20.08,3.32,13.6,0.1,11.66,2015,1
NW,22649.0,12.62,20.08,3.32,13.6,0.1,11.66,2015,2
NW,22649.0,12.62,20.08,3.32,13.6,0.1,11.66,2015,3
NW,22649.0,12.62,20.08,3.32,13.6,0.1,11.66,2015,4
NW,22649.0,12.62,20.08,3.32,13.6,0.1,11.66,2015,5
NW,22649.0,12.62,20.08,3.32,13.6,0.1,11.66,2015,6
NW,22649.0,12.62,20.08,3.32,13.6,0.1,11.66,2015,7
NW,22649.0,12.62,20.08,3.32,13.6,0.1,11.66,2015,8
NW,22649.0,12.62,20.08,3.32,13.6,0.1,11.66,2015,9
NW,22649.0,12.62,20.08,3.32,13.6,0.1,11.66,2015,10
NW,22649.0,12.62,20.08,3.32,13.6,0.1,11.66,2015,11
NW,22649.0,12.62,20.08,3.32,13.6,0.1,11.66,2015,12
NW,22649.0,12.62,20.08,3.32,13.6,0.1,11.66,2016,1
NW,22649.0,12.62,20.08,3.32,13.6,0.1,11.66,2016,2
NW,22649.0,12.62,20.08,3.32,13.6,0.1,11.66,2016,3
NW,22649.0,12.62,20.08,3.32,13.6,0.1,11.66,2016,4
NW,22649.0,12.62,20.08,3.32,13.6,0.1,11.66,2016,5
NW,22649.0,12.62,20.08,3.32,13.6,0.1,11.66,2016,6
NW,22649.0,12.62,20.08,3.32,13.6,0.1,11.66,2016,7
NW,22649.0,12.62,20.08,3.32,13.6,0.1,11.66,2016,8
NW,22649.0,12.62,20.08,3.32,13.6,0.1,11.66,2016,9
NW,22649.0,12.62,20.08,3.32,13.6,0.1,11.66,2016,10
NW,22649.0,12.62,20.08,3.32,13.6,0.1,11.66,2016,11
NW,22649.0,12.62,20.08,3.32,13.6,0.1,11.66,2016,12
NW,22649.0,12.62,20.08,3.32,13.6,0.1,11.66,2017,1
NW,22649.0,12.62,20.08,3.32,13.6,0.1,11.66,2017,2
NW,22649.0,12.62,20.08,3.32,13.6,0.1,11.66,2017,3
NW,22649.0,12.62,20.08,3.32,13.6,0.1,11.66,2017,4
NW,22649.0,12.62,20.08,3.32,13.6,0.1,11.66,2017,5
NW,22649.0,12.62,20.08,3.32,13.6,0.1,11.66,2017,6
NW,22649.0,12.62,20.08,3.32,13.6,0.1,11.66,2017,7
NW,22649.0,12.62,20.08,3.32,13.6,0.1,11.66,2017,8
NW,22649.0,12.62,20.08,3.32,13.6,0.1,11.66,2017,9
NW,22649.0,12.62,20.08,3.32,13.6,0.1,11.66,2017,10
NW,22649.0,12.62,20.08,3.32,13.6,0.1,11.66,2017,11
NW,22649.0,12.62,20.08,3.32,13.6,0.1,11.66,2017,12
NW,22649.0,12.62,20.08,3.32,13.6,0.1,11.66,2018,1
NW,22649.0,12.62,20.08,3.32,13.6,0.1,11.66,2018,2
NW,22649.0,12.62,20.08,3.32,13.6,0.1,11.66,2018,3
NW,22649.0,12.62,20.08,3.32,13.6,0.1,11.66,2018,4
NW,22649.0,12.62,20.08,3.32,13.6,0.1,11.66,2018,5
NW,22649.0,12.62,20.08,3.32,13.6,0.1,11.66,2018,6
NW,22649.0,12.62,20.08,3.32,13.6,0.1,11.66,2018,7
NW,22649.0,12.62,20.08,3.32,13.6,0.1,11.66,2018,8
NW,22649.0,12.62,20.08,3.32,13.6,0.1,11.66,2018,9
NW,22649.0,12.62,20.08,3.32,13.6,0.1,11.66,2018,10
NW,22649.0,12.62,20.08,3.32,13.6,0.1,11.66,2018,11
NW,22649.0,12.62,20.08,3.32,13.6,0.1,11.66,2018,12
OH,12713.0,18.37,22.21,13.44,19.95,0.01,2.76,2009,1
OH,11733.0,9.52,15.88,10.51,22.4,0.03,3.49,2009,2
OH,13537.0,10.46,18.22,10.1,20.26,0.0,4.53,2009,3
OH,13686.0,13.4,16.17,12.55,23.88,0.01,3.71,2009,4
OH,14495.0,13.43,12.18,11.28,24.05,0.02,4.48,2009,5
OH,14085.0,18.99,16.44,12.78,25.0,0.02,6.75,2009,6
OH,14373.0,17.26,19.07,11.9,24.18,0.03,7.22,2009,7
OH,13052.0,16.52,21.9,10.39,21.93,0.02,7.03,2009,8
OH,21364.0,7.49,20.37,4.16,20.71,0.01,4.25,2009,9
OH,15933.5,7.46,22.44,4.33,19.37,0.02,4.96,2009,10
OH,10503.0,7.44,24.52,4.5,18.02,0.04,5.68,2009,11
OH,11429.0,16.35,22.99,10.34,19.79,0.27,7.72,2009,12
OH,11035.0,13.06,27.92,7.51,22.36,0.01,2.3,2010,1
OH,10755.0,16.11,29.71,11.83,18.44,0.04,1.91,2010,2
OH,12364.0,11.2,23.82,7.4,21.05,0.02,2.06,2010,3
OH,11774.0,8.31,27.96,3.37,17.71,0.02,2.43,2010,4
OH,11570.0,16.03,27.63,6.02,20.72,0.05,3.7,2010,5
OH,11965.0,18.58,34.61,4.1,18.9,0.06,4.89,2010,6
OH,13035.0,15.6,27.64,10.17,17.09,0.01,4.76,2010,7
OH,12949.0,10.66,25.99,6.47,15.22,0.04,4.69,2010,8
OH,13541.0,8.93,24.04,5.48,16.46,0.0,5.31,2010,9
OH,13497.0,8.61,21.74,6.26,17.17,0.02,5.11,2010,10
OH,12518.0,7.27,23.76,3.91,15.15,0.02,6.66,2010,11
OH,12630.0,15.67,24.64,8.26,17.4,0.04,7.44,2010,12
OH,12742.71,15.68,24.56,8.2,17.3,0.04,7.73,2011,1
OH,12855.41,15.69,24.48,8.14,17.21,0.04,8.02,2011,2
OH,12968.12,15.7,24.41,8.08,17.11,0.04,8.31,2011,3
OH,13080.82,15.71,24.33,8.03,17.02,0.04,8.6,2011,4
OH,13193.53,15.73,24.25,7.97,16.92,0.05,8.89,2011,5
OH,13306.24,15.74,24.17,7.91,16.83,0.05,9.18,2011,6
OH,13418.94,15.75,24.1,7.85,16.73,0.05,9.47,2011,7
OH,13531.65,15.76,24.02,7.79,16.64,0.05,9.77,2011,8
OH,13644.35,15.77,23.94,7.73,16.54,0.05,10.06,2011,9
OH,13757.06,15.78,23.86,7.67,16.44,0.05,10.35,2011,10
OH,13869.76,15.79,23.78,7.61,16.35,0.05,10.64,2011,11
OH,13982.47,15.8,23.71,7.56,16.25,0.05,10.93,2011,12
OH,14095.18,15.81,23.63,7.5,16.16,0.06,11.22,2012,1
OH,14207.88,15.82,23.55,7.44,16.06,0.06,11.51,2012,2
OH,14320.59,15.84,23.47,7.38,15.97,0.06,11.8,2012,3
OH,14433.29,15.85,23.4,7.32,15.87,0.06,12.09,2012,4
OH,14546.0,15.86,23.32,7.26,15.78,0.06,12.38,2012,5
OH,14658.71,15.87,23.24,7.2,15.68,0.06,12.67,2012,6
OH,14771.41,15.88,23.16,7.14,15.58,0.06,12.96,2012,7
OH,14884.12,15.89,23.08,7.09,15.49,0.06,13.25,2012,8
OH,14996.82,15.9,23.01,7.03,15.39,0.06,13.54,2012,9
OH,15109.53,15.91,22.93,6.97,15.3,0.07,13.84,2012,10
OH,15222.24,15.92,22.85,6.91,15.2,0.07,14.13,2012,11
OH,15334.94,15.94,22.77,6.85,15.11,0.07,14.42,2012,12
OH,15447.65,15.95,22.7,6.79,15.01,0.07,14.71,2013,1
OH,15560.35,15.96,22.62,6.73,14.92,0.07,15.0,2013,2
OH,15673.06,15.97,22.54,6.67,14.82,0.07,15.29,2013,3
OH,15785.76,15.98,22.46,6.62,14.73,0.07,15.58,2013,4
OH,15898.47,15.99,22.38,6.56,14.63,0.07,15.87,2013,5
OH,16011.18,16.0,22.31,6.5,14.53,0.08,16.16,2013,6
OH,16123.88,16.01,22.23,6.44,14.44,0.08,16.45,2013,7
OH,16236.59,16.02,22.15,6.38,14.34,0.08,16.74,2013,8
OH,16349.29,16.03,22.07,6.32,14.25,0.08,17.03,2013,9
OH,16462.0,16.05,22.0,6.26,14.15,0.08,17.32,2013,10
OH,16574.71,16.06,21.92,6.21,14.06,0.08,17.61,2013,11
OH,16687.41,16.07,21.84,6.15,13.96,0.08,17.91,2013,12
OH,16800.12,16.08,21.76,6.09,13.87,0.08,18.2,2014,1
OH,16912.82,16.09,21.68,6.03,13.77,0.08,18.49,2014,2
OH,17025.53,16.1,21.61,5.97,13.67,0.09,18.78,2014,3
OH,17138.24,16.11,21.53,5.91,13.58,0.09,19.07,2014,4
OH,17250.94,16.12,21.45,5.85,13.48,0.09,19.36,2014,5
OH,17363.65,16.13,21.37,5.79,13.39,0.09,19.65,2014,6
OH,17476.35,16.15,21.3,5.74,13.29,0.09,19.94,2014,7
OH,17589.06,16.16,21.22,5.68,13.2,0.09,20.23,2014,8
OH,17701.76,16.17,21.14,5.62,13.1,0.09,20.52,2014,9
OH,17814.47,16.18,21.06,5.56,13.01,0.09,20.81,2014,10
OH,17927.18,16.19,20.99,5.5,12.91,0.1,21.1,2014,11
OH,18039.88,16.2,20.91,5.44,12.81,0.1,21.39,2014,12
OH,18152.59,16.21,20.83,5.38,12.72,0.1,21.68,2015,1
OH,18265.29,16.22,20.75,5.32,12.62,0.1,21.98,2015,2
OH,18378.0,16.23,20.67,5.27,12.53,0.1,22.27,2015,3
OH,18490.71,16.25,20.6,5.21,12.43,0.1,22.56,2015,4
OH,18603.41,16.26,20.52,5.15,12.34,0.1,22.85,2015,5
OH,18716.12,16.27,20.44,5.09,12.24,0.1,23.14,2015,6
OH,18828.82,16.28,20.36,5.03,12.15,0.1,23.43,2015,7
OH,18941.53,16.29,20.29,4.97,12.05,0.11,23.72,2015,8
OH,19054.24,16.3,20.21,4.91,11.95,0.11,24.01,2015,9
OH,19166.94,16.31,20.13,4.86,11.86,0.11,24.3,2015,10
OH,19279.65,16.32,20.05,4.8,11.76,0.11,24.59,2015,11
OH,19392.35,16.33,19.97,4.74,11.67,0.11,24.88,2015,12
OH,19505.06,16.34,19.9,4.68,11.57,0.11,25.17,2016,1
OH,19617.76,16.36,19.82,4.62,11.48,0.11,25.46,2016,2
OH,19730.47,16.37,19.74,4.56,11.38,0.11,25.75,2016,3
OH,19843.18,16.38,19.66,4.5,11.29,0.12,26.05,2016,4
OH,19955.88,16.39,19.59,4.44,11.19,0.12,26.34,2016,5
OH,20068.59,16.4,19.51,4.39,11.1,0.12,26.63,2016,6
OH,20181.29,16.41,19.43,4.33,11.0,0.12,26.92,2016,7
OH,20294.0,16.42,19.35,4.27,10.9,0.12,27.21,2016,8
OH,20406.71,16.43,19.27,4.21,10.81,0.12,27.5,2016,9
OH,20519.41,16.44,19.2,4.15,10.71,0.12,27.79,2016,10
OH,20632.12,16.46,19.12,4.09,10.62,0.12,28.08,2016,11
OH,20744.82,16.47,19.04,4.03,10.52,0.12,28.37,2016,12
OH,20857.53,16.48,18.96,3.97,10.43,0.13,28.66,2017,1
OH,20970.24,16.49,18.89,3.92,10.33,0.13,28.95,2017,2
OH,21082.94,16.5,18.81,3.86,10.24,0.13,29.24,2017,3
OH,21195.65,16.51,18.73,3.8,10.14,0.13,29.53,2017,4
OH,21308.35,16.52,18.65,3.74,10.04,0.13,29.82,2017,5
OH,21421.06,16.53,18.57,3.68,9.95,0.13,30.12,2017,6
OH,21533.76,16.54,18.5,3.62,9.85,0.13,30.41,2017,7
OH,21646.47,16.55,18.42,3.56,9.76,0.13,30.7,2017,8
OH,21759.18,16.57,18.34,3.5,9.66,0.14,30.99,2017,9
OH,21871.88,16.58,18.26,3.45,9.57,0.14,31.28,2017,10
OH,21984.59,16.59,18.19,3.39,9.47,0.14,31.57,2017,11
OH,22097.29,16.6,18.11,3.33,9.38,0.14,31.86,2017,12
OH,22210.0,16.61,18.03,3.27,9.28,0.14,32.15,2018,1
OH,20546.0,18.28,15.25,5.29,8.18,0.12,37.17,2018,2
OH,23295.0,12.02,17.15,1.93,7.55,0.06,26.22,2018,3
OH,23303.0,12.35,16.96,2.45,9.35,0.16,30.12,2018,4
OH,23869.0,16.82,16.49,6.03,12.0,0.09,34.27,2018,5
OH,23760.0,24.43,28.6,4.57,10.44,0.08,38.02,2018,6
OH,24352.0,17.68,15.18,6.5,12.46,0.08,34.96,2018,7
OH,24387.0,17.71,15.9,6.7,14.38,0.04,34.21,2018,8
OH,22939.0,12.25,15.72,5.49,12.18,0.06,31.41,2018,9
OH,23969.0,9.69,20.52,2.04,9.19,0.05,29.98,2018,10
OH,22766.0,12.62,17.97,1.94,9.18,0.08,34.14,2018,11
OH,23061.0,11.33,17.34,2.38,8.74,0.14,28.18,2018,12
OO,44443.0,10.94,10.81,2.32,15.56,0.07,26.32,2009,1
OO,41349.0,10.1,9.71,1.12,18.46,0.02,30.8,2009,2
OO,46899.0,8.91,11.54,1.66,15.64,0.05,26.46,2009,3
OO,44568.0,6.95,9.38,1.0,18.24,0.03,25.23,2009,4
OO,44689.0,7.12,9.95,0.92,18.48,0.05,25.29,2009,5
OO,47396.0,10.25,10.04,1.07,16.82,0.06,27.2,2009,6
OO,48953.0,7.94,11.73,1.02,11.46,0.06,23.63,2009,7
OO,48566.0,7.85,12.03,0.92,12.16,0.12,24.72,2009,8
OO,90292.0,6.1,12.2,1.08,11.2,0.05,23.77,2009,9
OO,66250.0,5.44,13.04,1.33,11.91,0.06,22.03,2009,10
OO,42208.0,4.79,13.89,1.57,12.62,0.08,20.29,2009,11
OO,46832.0,16.33,13.02,1.55,16.11,0.11,28.86,2009,12
OO,48280.0,12.62,11.89,1.57,14.47,0.06,27.64,2010,1
OO,45383.0,11.64,10.49,1.17,15.67,0.08,26.73,2010,2
OO,51541.0,8.97,12.43,1.59,14.8,0.07,27.61,2010,3
OO,49204.0,8.12,12.0,1.22,15.79,0.06,25.68,2010,4
OO,50360.0,9.41,12.39,1.24,16.41,0.08,27.81,2010,5
OO,51834.0,12.62,13.39,1.32,14.45,0.05,30.56,2010,6
OO,53036.0,10.09,11.74,1.46,11.13,0.06,25.6,2010,7
OO,53135.0,10.35,11.86,1.05,12.06,0.09,28.48,2010,8
OO,48873.0,7.29,13.44,1.03,12.08,0.08,23.16,2010,9
OO,49958.0,9.44,14.18,0.95,11.87,0.03,28.85,2010,10
OO,47763.0,10.26,12.75,1.33,12.38,0.04,24.62,2010,11
OO,50253.0,19.26,12.75,1.72,14.34,0.08,32.79,2010,12
OO,49796.0,13.61,13.44,1.86,14.13,0.05,30.08,2011,1
OO,45017.0,12.09,13.32,1.65,14.84,0.04,27.53,2011,2
OO,50297.0,11.28,12.55,0.96,14.12,0.07,27.12,2011,3
OO,47102.0,8.35,10.95,0.9,13.9,0.04,21.26,2011,4
OO,48550.0,9.32,12.07,2.01,14.66,0.15,25.35,2011,5
OO,101704.0,10.94,13.69,1.03,10.88,0.04,26.66,2011,6
OO,77567.5,10.6,13.42,0.98,10.98,0.08,27.64,2011,7
OO,53431.0,10.27,13.15,0.94,11.09,0.11,28.62,2011,8
OO,47162.0,7.26,11.97,0.81,10.82,0.05,25.53,2011,9
OO,48394.0,7.19,12.83,0.87,11.14,0.05,25.98,2011,10
OO,45418.0,9.91,11.35,0.93,15.52,0.03,29.76,2011,11
OO,48271.0,10.22,11.74,1.88,12.09,0.06,27.97,2011,12
OO,48720.0,9.44,12.52,1.62,15.33,0.04,26.3,2012,1
OO,46463.0,7.62,12.83,1.47,12.57,0.05,22.32,2012,2
OO,53806.0,10.92,14.32,1.02,14.3,0.04,28.88,2012,3
OO,50279.0,7.26,12.31,1.14,11.34,0.07,23.82,2012,4
OO,50702.0,7.81,13.59,1.06,13.22,0.05,26.42,2012,5
OO,52968.0,9.82,14.59,0.97,12.9,0.03,28.34,2012,6
OO,55367.0,11.67,12.2,1.06,12.18,0.04,30.5,2012,7
OO,55686.0,9.32,13.2,0.67,10.69,0.04,27.32,2012,8
OO,50086.0,8.92,12.62,0.84,11.4,0.01,29.51,2012,9
OO,52028.0,10.08,12.79,0.73,13.51,0.04,28.8,2012,10
OO,49528.0,9.54,14.25,1.34,12.18,0.03,30.28,2012,11
OO,52123.0,14.37,15.22,1.23,12.07,0.1,29.37,2012,12
OO,51762.0,10.84,14.56,2.25,11.8,0.07,25.67,2013,1
OO,47758.0,9.93,14.56,1.82,13.2,0.05,26.65,2013,2
OO,55648.0,10.77,15.46,1.63,11.31,0.05,29.55,2013,3
OO,53069.0,10.27,13.77,1.31,14.92,0.07,27.02,2013,4
OO,53908.0,9.93,14.74,1.33,14.17,0.2,27.82,2013,5
OO,54378.0,13.18,15.74,1.76,13.28,0.05,30.37,2013,6
OO,56077.0,13.4,14.3,1.16,14.24,0.03,32.01,2013,7
OO,55378.0,12.53,14.7,1.44,13.24,0.05,31.48,2013,8
OO,49585.0,9.61,15.71,1.2,14.25,0.04,28.39,2013,9
OO,51241.0,8.14,15.25,1.16,12.2,0.02,25.89,2013,10
OO,47669.0,7.59,17.26,0.84,11.43,0.29,24.94,2013,11
OO,49886.0,15.2,16.21,2.81,11.58,0.04,28.28,2013,12
OO,50484.0,13.04,14.95,2.52,11.45,0.07,27.29,2014,1
OO,45555.0,14.49,14.83,1.9,13.52,0.04,28.68,2014,2
OO,52847.0,10.6,15.17,1.24,10.95,0.04,26.69,2014,3
OO,50853.0,10.09,15.85,1.09,11.34,0.03,27.53,2014,4
OO,52077.0,11.15,15.84,1.42,12.26,0.06,26.38,2014,5
OO,53173.0,14.06,17.15,1.65,12.26,0.06,29.94,2014,6
OO,55556.0,12.24,17.53,1.2,10.71,0.07,27.07,2014,7
OO,55421.0,12.52,16.35,1.39,12.5,0.07,28.73,2014,8
OO,49135.0,9.83,15.6,1.12,14.72,0.06,25.28,2014,9
OO,51019.0,10.11,15.1,0.81,15.28,0.04,26.35,2014,10
OO,47513.0,12.69,16.27,1.48,13.95,0.07,28.23,2014,11
OO,49397.0,17.22,16.04,1.52,13.52,0.08,29.22,2014,12
OO,48114.0,15.83,18.99,2.7,12.02,0.06,30.73,2015,1
OO,43989.0,14.5,16.65,3.85,12.74,0.05,29.11,2015,2
OO,50078.0,9.87,17.79,1.98,11.67,0.08,25.31,2015,3
OO,49329.0,9.51,19.14,1.51,12.43,0.05,25.72,2015,4
OO,49864.0,9.97,18.73,1.91,12.2,0.09,23.92,2015,5
OO,50307.0,13.56,20.57,2.54,11.88,0.11,27.51,2015,6
OO,52627.0,12.44,18.81,1.66,11.54,0.1,27.93,2015,7
OO,52730.0,11.39,18.66,1.86,11.22,0.15,25.09,2015,8
OO,47625.0,8.23,20.09,1.55,12.07,0.16,22.99,2015,9
OO,48808.0,7.88,20.04,1.24,10.71,0.07,22.63,2015,10
OO,47292.0,10.72,19.02,3.29,14.4,0.07,25.07,2015,11
OO,47590.0,16.07,19.45,2.88,14.91,0.12,28.63,2015,12
OO,47619.0,14.03,22.54,2.89,14.31,0.08,28.77,2016,1
OO,45616.0,11.33,23.74,3.08,13.86,0.08,28.86,2016,2
OO,52057.0,13.04,21.59,2.58,15.08,0.08,28.61,2016,3
OO,50117.0,8.58,23.02,2.24,11.83,0.04,25.69,2016,4
OO,51253.0,10.0,20.82,2.66,15.27,0.08,27.7,2016,5
OO,52850.0,10.42,25.56,3.08,12.5,0.05,27.32,2016,6
OO,54964.0,12.23,26.05,3.49,14.29,0.09,28.35,2016,7
OO,54552.0,12.51,20.85,2.4,14.67,0.09,29.93,2016,8
OO,48976.0,7.35,21.79,3.94,15.18,0.04,23.69,2016,9
OO,51015.0,9.3,22.68,2.6,15.34,0.08,25.2,2016,10
OO,47286.0,10.52,23.34,5.74,14.09,0.08,28.98,2016,11
OO,49628.0,21.06,25.87,5.27,14.45,0.06,33.32,2016,12
OO,50146.0,18.96,23.5,4.63,15.19,0.1,31.32,2017,1
OO,46953.0,14.23,27.31,4.0,16.6,0.07,31.47,2017,2
OO,58100.0,14.92,24.46,3.92,14.99,0.02,32.33,2017,3
OO,56210.0,15.24,29.22,3.12,15.32,0.03,33.47,2017,4
OO,58567.0,12.76,25.82,2.78,15.63,0.01,30.72,2017,5
OO,61567.0,14.74,29.51,3.37,13.37,0.09,33.35,2017,6
OO,64559.0,16.11,28.74,2.92,13.42,0.04,35.0,2017,7
OO,66073.0,17.68,30.1,3.32,14.06,0.08,35.06,2017,8
OO,59781.0,9.59,27.22,2.79,12.36,0.07,26.98,2017,9
OO,64740.0,13.37,29.09,3.2,13.82,0.07,31.52,2017,10
OO,59264.0,10.81,29.74,4.43,13.88,0.19,27.97,2017,11
OO,60567.0,18.4,28.47,6.79,14.54,0.07,33.62,2017,12
OO,62194.0,19.6,29.82,5.95,13.46,0.15,36.25,2018,1
OO,55986.0,16.65,24.83,6.57,15.89,0.03,32.12,2018,2
OO,64597.0,11.5,23.71,4.22,16.07,0.06,26.21,2018,3
OO,62861.0,10.46,21.91,5.77,15.1,0.04,26.49,2018,4
OO,65157.0,14.82,23.2,8.57,19.12,0.22,30.95,2018,5
OO,66909.0,16.11,24.52,6.52,16.49,0.02,33.77,2018,6
OO,69455.0,14.28,25.59,6.69,13.59,0.08,29.71,2018,7
OO,70727.0,18.2,26.32,5.71,16.99,0.09,32.95,2018,8
OO,62749.0,10.96,24.23,7.21,15.01,0.05,26.89,2018,9
OO,66562.0,11.36,24.76,5.45,14.55,0.07,26.59,2018,10
OO,62263.0,14.63,21.92,7.06,17.57,0.07,28.16,2018,11
OO,64677.0,16.05,26.16,7.44,14.51,0.08,29.37,2018,12
UA,31508.0,11.33,15.71,1.77,16.19,0.01,22.43,2009,1
UA,29896.0,10.17,13.45,1.04,18.37,0.0,24.56,2009,2
UA,34554.0,11.2,15.3,1.0,16.15,0.02,27.21,2009,3
UA,31387.0,11.86,16.3,1.46,17.58,0.0,27.87,2009,4
UA,31798.0,11.47,14.26,1.88,17.07,0.02,25.49,2009,5
UA,32990.0,17.12,14.18,2.5,18.86,0.05,31.73,2009,6
UA,33948.0,12.51,16.1,1.28,13.67,0.0,30.25,2009,7
UA,33622.0,12.64,17.02,1.57,14.82,0.19,29.62,2009,8
UA,59720.0,7.48,18.52,0.71,11.58,0.0,25.18,2009,9
UA,43729.5,6.28,18.95,0.87,12.2,0.0,23.86,2009,10
UA,27739.0,5.07,19.38,1.03,12.83,0.0,22.55,2009,11
UA,29110.0,13.53,13.71,3.31,17.67,0.0,26.49,2009,12
UA,27744.0,9.48,14.55,1.36,17.5,0.01,22.15,2010,1
UA,26091.0,9.64,13.37,1.91,16.09,0.0,23.62,2010,2
UA,29704.0,9.59,13.71,1.0,17.18,0.0,24.9,2010,3
UA,28178.0,7.39,15.42,1.5,15.59,0.33,24.21,2010,4
UA,28874.0,10.46,14.93,2.68,19.8,0.0,28.09,2010,5
UA,29314.0,13.7,14.17,2.24,19.35,0.0,30.38,2010,6
UA,30386.0,11.32,16.4,2.7,14.91,0.0,30.19,2010,7
UA,30637.0,9.71,14.62,1.49,15.52,0.0,27.82,2010,8
UA,28072.0,5.96,14.76,1.43,18.56,0.11,19.27,2010,9
UA,29144.0,6.16,14.33,0.76,18.64,0.0,20.53,2010,10
UA,27318.0,5.28,14.69,0.66,17.58,0.0,18.88,2010,11
UA,27619.0,10.03,14.0,1.58,19.82,0.0,21.43,2010,12
UA,26174.0,8.0,13.6,1.96,19.44,0.41,19.04,2011,1
UA,24080.0,9.34,14.13,2.13,18.09,0.0,19.34,2011,2
UA,27481.0,9.43,12.35,1.02,18.22,0.0,25.47,2011,3
UA,25243.0,10.73,12.05,1.28,19.78,0.01,24.42,2011,4
UA,25999.0,13.39,13.82,2.56,21.31,0.05,27.02,2011,5
UA,55484.0,17.21,18.4,1.95,17.9,0.01,33.19,2011,6
UA,42089.0,15.24,17.19,2.33,17.31,0.01,30.2,2011,7
UA,28694.0,13.27,15.98,2.71,16.72,0.01,27.21,2011,8
UA,24651.0,8.35,13.66,1.46,18.46,0.0,16.62,2011,9
UA,25121.0,8.35,14.16,0.95,16.61,0.0,17.78,2011,10
UA,22982.0,9.17,12.94,0.24,18.4,0.01,19.09,2011,11
UA,23989.0,9.59,18.13,1.1,13.58,0.0,19.37,2011,12
UA,41728.0,10.31,16.33,2.79,17.22,0.01,18.72,2012,1
UA,40837.0,9.11,14.83,0.85,15.3,0.08,17.43,2012,2
UA,46254.0,13.67,16.55,0.99,14.44,0.0,17.86,2012,3
UA,44098.0,10.81,16.7,0.65,13.39,0.1,18.36,2012,4
UA,45224.0,13.68,18.06,1.83,16.93,0.07,19.61,2012,5
UA,46770.0,19.77,20.29,1.35,13.1,0.08,26.07,2012,6
UA,48020.0,26.44,21.01,2.37,15.31,0.06,30.88,2012,7
UA,47763.0,19.54,21.69,1.35,13.17,0.28,26.21,2012,8
UA,42806.0,10.82,17.99,0.93,17.04,0.11,18.01,2012,9
UA,44423.0,12.36,18.24,1.1,15.76,0.13,19.35,2012,10
UA,41354.0,10.19,23.11,0.53,13.33,0.08,20.11,2012,11
UA,41968.0,14.35,19.4,1.18,15.03,0.04,20.55,2012,12
UA,40419.0,10.29,16.66,2.01,15.04,0.04,17.22,2013,1
UA,38116.0,10.77,16.87,2.64,14.31,0.02,17.97,2013,2
UA,44062.0,12.05,17.83,1.59,15.09,0.05,20.31,2013,3
UA,41430.0,15.75,17.34,2.01,21.15,0.06,22.99,2013,4
UA,42992.0,12.9,15.91,1.58,20.53,0.02,19.91,2013,5
UA,43550.0,21.0,18.35,2.55,19.03,0.03,29.57,2013,6
UA,44777.0,18.74,17.28,2.12,19.93,0.01,25.76,2013,7
UA,44444.0,13.92,17.09,2.02,15.78,0.04,23.02,2013,8
UA,40682.0,10.83,17.7,2.83,20.97,0.04,22.91,2013,9
UA,43246.0,9.44,17.14,0.74,16.2,0.04,18.46,2013,10
UA,40657.0,9.64,17.85,1.66,14.87,0.55,20.03,2013,11
UA,41423.0,16.23,19.54,2.28,13.08,0.0,19.04,2013,12
UA,39225.0,18.43,22.66,5.91,12.33,0.0,22.9,2014,1
UA,36379.0,17.85,19.56,3.19,15.84,0.0,20.45,2014,2
UA,42492.0,13.15,19.16,1.68,13.42,0.0,20.69,2014,3
UA,39498.0,11.12,15.34,1.13,17.62,0.0,17.92,2014,4
UA,42428.0,16.19,16.92,2.43,20.77,0.0,24.18,2014,5
UA,42886.0,19.67,17.76,3.33,16.66,0.0,24.68,2014,6
UA,43996.0,17.36,18.1,3.4,15.52,0.01,25.34,2014,7
UA,42833.0,15.06,17.2,2.77,15.22,0.0,23.61,2014,8
UA,40219.0,11.51,15.6,1.87,19.22,0.01,20.16,2014,9
UA,43335.0,14.0,16.48,1.24,17.41,0.0,19.77,2014,10
UA,39798.0,13.79,18.78,2.32,14.18,0.0,21.32,2014,11
UA,40439.0,18.47,18.13,0.82,17.55,0.0,19.83,2014,12
UA,38395.0,15.86,20.66,3.94,13.57,0.0,19.91,2015,1
UA,36235.0,16.53,19.22,4.38,13.97,0.0,18.01,2015,2
UA,43603.0,15.77,20.03,3.56,14.2,0.0,22.12,2015,3
UA,41342.0,15.03,20.84,2.19,13.97,0.0,24.37,2015,4
UA,44411.0,16.56,17.93,3.85,14.75,0.04,25.42,2015,5
UA,46084.0,25.74,21.65,3.02,13.97,0.0,31.15,2015,6
UA,46478.0,21.0,22.93,2.06,12.12,0.0,30.11,2015,7
UA,45413.0,16.19,20.29,3.1,13.94,0.08,25.75,2015,8
UA,41778.0,10.08,20.59,1.86,14.59,0.02,22.68,2015,9
UA,45894.0,9.94,23.21,1.03,13.8,0.0,24.77,2015,10
UA,42647.0,13.72,22.2,3.49,18.67,0.01,28.39,2015,11
UA,43443.0,19.91,24.5,3.96,17.45,0.0,33.47,2015,12
UA,39761.0,11.94,22.2,2.99,15.8,0.01,20.59,2016,1
UA,38944.0,12.05,21.04,4.8,22.45,0.0,27.11,2016,2
UA,44250.0,14.67,20.48,2.58,17.54,0.0,28.38,2016,3
UA,43281.0,11.31,20.44,2.37,16.77,0.0,28.15,2016,4
UA,45914.0,12.69,20.07,3.48,17.0,0.0,28.05,2016,5
UA,46424.0,16.27,20.46,4.09,17.0,0.0,29.31,2016,6
UA,48049.0,19.64,20.63,5.7,19.35,0.0,31.97,2016,7
UA,49758.0,16.54,17.9,3.05,17.71,0.16,28.43,2016,8
UA,46935.0,11.23,20.54,2.2,17.15,0.0,24.58,2016,9
UA,49951.0,11.99,19.39,0.53,18.42,0.01,25.24,2016,10
UA,46082.0,10.66,18.96,1.98,17.8,0.0,23.79,2016,11
UA,45718.0,18.11,19.32,4.95,17.56,0.02,26.85,2016,12
UA,42403.0,16.32,21.44,2.57,21.19,0.02,24.59,2017,1
UA,40004.0,13.88,18.83,2.62,23.25,0.0,25.97,2017,2
UA,48497.0,13.39,17.89,1.32,21.32,0.0,25.53,2017,3
UA,45541.0,13.33,15.35,1.22,27.26,0.0,25.36,2017,4
UA,49408.0,13.21,16.31,2.38,27.28,0.0,24.21,2017,5
UA,52015.0,16.06,18.52,2.91,23.69,0.01,29.32,2017,6
UA,53569.0,17.6,18.26,4.78,22.43,0.0,34.33,2017,7
UA,55445.0,14.28,15.09,5.05,22.3,0.01,27.32,2017,8
UA,48875.0,7.89,16.05,1.58,22.39,0.0,20.13,2017,9
UA,51284.0,10.22,14.77,2.4,26.37,0.01,23.71,2017,10
UA,48354.0,8.29,16.4,0.48,23.09,0.0,24.37,2017,11
UA,49086.0,10.25,16.27,4.14,20.27,0.0,21.44,2017,12
UA,45384.0,9.8,16.32,5.34,20.11,0.0,22.19,2018,1
UA,41650.0,9.31,13.81,4.66,23.72,0.04,19.08,2018,2
UA,49800.0,10.2,16.72,3.35,21.72,0.0,23.35,2018,3
UA,49937.0,11.05,15.95,2.96,22.26,0.0,26.34,2018,4
UA,52816.0,15.0,15.35,4.66,25.75,0.0,27.85,2018,5
UA,55056.0,17.0,15.86,3.97,20.58,0.0,31.54,2018,6
UA,57209.0,18.5,17.59,4.73,20.21,0.0,33.55,2018,7
UA,57921.0,21.49,16.44,5.36,24.05,0.0,32.61,2018,8
UA,52905.0,11.69,16.22,5.17,23.65,0.0,24.6,2018,9
UA,55565.0,10.11,14.61,2.29,19.79,0.0,22.17,2018,10
UA,51792.0,14.18,15.17,4.62,22.54,0.0,25.37,2018,11
UA,51530.0,12.12,15.96,1.56,19.89,0.0,24.95,2018,12
US,35934.0,8.42,11.92,0.75,19.1,0.07,15.25,2009,1
US,32317.0,6.28,11.4,0.4,19.85,0.05,12.67,2009,2
US,36136.0,7.5,11.45,0.87,19.39,0.12,15.35,2009,3
US,34691.0,7.69,12.04,0.62,19.76,0.06,15.24,2009,4
US,35594.0,7.47,11.39,1.18,20.48,0.07,13.05,2009,5
US,34774.0,8.96,12.07,1.96,22.53,0.14,16.21,2009,6
US,35730.0,8.01,14.34,1.71,19.58,0.13,15.15,2009,7
US,35257.0,7.79,13.83,2.24,19.9,0.1,15.67,2009,8
US,65058.0,4.36,14.18,0.43,17.13,0.13,10.83,2009,9
US,49038.5,4.56,14.06,0.31,17.08,0.11,11.26,2009,10
US,33019.0,4.76,13.93,0.19,17.02,0.09,11.68,2009,11
US,33498.0,9.89,12.39,2.07,18.34,0.17,15.78,2009,12
US,33749.0,7.7,14.54,0.73,17.64,0.22,14.15,2010,1
US,30574.0,8.14,12.87,2.07,17.87,0.17,15.12,2010,2
US,34344.0,8.0,13.27,0.46,17.82,0.12,15.67,2010,3
US,33130.0,4.67,14.88,0.47,15.71,0.3,11.69,2010,4
US,34100.0,5.87,12.31,1.16,19.09,0.11,13.2,2010,5
US,33947.0,7.62,14.96,2.26,17.82,0.15,15.95,2010,6
US,34869.0,8.36,14.4,2.88,18.25,0.26,18.08,2010,7
US,34914.0,7.12,15.37,2.99,16.52,0.14,17.43,2010,8
US,33863.0,4.96,13.85,1.44,18.21,0.09,11.79,2010,9
US,35223.0,6.16,12.36,0.87,18.08,0.12,13.37,2010,10
US,33898.0,4.63,11.72,0.25,15.96,0.19,9.78,2010,11
US,34500.0,9.24,15.77,2.01,18.12,0.17,14.48,2010,12
US,34671.0,7.35,14.46,2.11,18.44,0.15,12.79,2011,1
US,31718.0,7.1,13.42,1.72,17.72,0.15,11.76,2011,2
US,35961.0,6.6,13.65,0.71,17.38,0.17,11.72,2011,3
US,33942.0,8.61,12.89,1.53,19.37,0.13,13.38,2011,4
US,35164.0,10.47,14.79,1.25,18.37,0.21,15.09,2011,5
US,68850.0,12.13,17.21,2.64,16.12,0.21,16.94,2011,6
US,51670.0,11.96,17.26,2.8,17.43,0.2,17.12,2011,7
US,34490.0,11.79,17.31,2.95,18.74,0.2,17.31,2011,8
US,32245.0,7.38,13.84,1.43,18.53,0.13,12.8,2011,9
US,34121.0,5.6,13.95,0.66,17.12,0.11,10.48,2011,10
US,33326.0,5.54,16.11,0.67,15.37,0.18,11.77,2011,11
US,33663.0,5.37,17.14,0.45,14.34,0.16,10.82,2011,12
US,34256.0,6.34,14.17,0.72,17.24,0.19,11.21,2012,1
US,32725.0,4.6,15.22,0.49,15.27,0.27,11.66,2012,2
US,35778.0,5.29,14.41,0.56,15.39,0.18,11.04,2012,3
US,33884.0,4.0,16.36,0.45,13.68,0.11,10.02,2012,4
US,34661.0,6.06,15.12,1.13,18.28,0.15,11.26,2012,5
US,33661.0,6.33,16.87,1.93,16.98,0.35,13.28,2012,6
US,34542.0,8.16,15.36,3.27,20.15,0.16,12.81,2012,7
US,33778.0,7.35,15.12,2.98,17.7,0.12,13.87,2012,8
US,31495.0,5.27,15.55,1.69,19.55,0.14,10.66,2012,9
US,33774.0,5.23,15.1,0.59,15.61,0.13,9.81,2012,10
US,32963.0,4.65,16.08,0.25,13.01,0.15,10.19,2012,11
US,32746.0,7.18,14.66,0.76,17.52,0.2,12.43,2012,12
US,33567.0,6.6,14.72,1.24,17.23,0.17,11.53,2013,1
US,31177.0,6.47,13.41,1.49,18.13,0.12,11.46,2013,2
US,36210.0,7.27,14.43,1.02,16.56,0.19,13.85,2013,3
US,34433.0,7.6,14.11,0.73,19.51,0.16,12.57,2013,4
US,35397.0,6.94,13.32,1.28,18.86,0.1,12.13,2013,5
US,34930.0,13.12,15.06,3.48,21.74,0.2,18.31,2013,6
US,35882.0,11.2,14.9,1.91,19.39,0.15,15.2,2013,7
US,35337.0,7.8,15.65,0.9,16.29,0.17,13.43,2013,8
US,32512.0,5.25,17.8,1.19,17.45,0.18,11.16,2013,9
US,35232.0,4.88,16.76,0.23,14.01,0.12,9.9,2013,10
US,33557.0,6.22,18.15,0.23,13.13,0.27,12.99,2013,11
US,34139.0,8.83,16.31,1.1,15.57,0.12,11.61,2013,12
US,34763.0,9.29,17.06,1.92,14.87,0.1,13.93,2014,1
US,31685.0,10.07,16.95,2.85,17.53,0.15,14.68,2014,2
US,36447.0,8.06,18.5,1.21,14.98,0.15,12.96,2014,3
US,34602.0,7.36,16.98,0.57,15.27,0.21,13.87,2014,4
US,35325.0,8.94,18.51,2.18,16.59,0.11,15.23,2014,5
US,34954.0,10.25,17.85,2.73,16.26,0.29,14.17,2014,6
US,36009.0,11.6,19.44,3.75,17.07,0.18,15.34,2014,7
US,34864.0,7.69,17.65,2.07,14.9,0.33,13.46,2014,8
US,33030.0,6.38,17.93,1.83,16.59,0.43,10.7,2014,9
US,35634.0,6.57,16.0,0.86,16.69,0.09,11.09,2014,10
US,33177.0,7.05,17.04,0.42,15.06,0.08,11.83,2014,11
US,34175.0,7.06,14.6,0.29,15.66,0.16,9.85,2014,12
US,33489.0,8.43,16.75,1.28,16.14,0.17,13.48,2015,1
US,30153.0,11.8,18.6,3.19,15.92,0.14,15.79,2015,2
US,34516.0,8.86,15.72,1.65,16.52,0.2,14.59,2015,3
US,32496.0,7.64,17.33,0.84,15.02,0.09,11.8,2015,4
US,33761.0,7.37,17.16,1.54,16.72,0.16,14.12,2015,5
US,34300.0,11.1,18.64,2.74,18.25,0.24,15.59,2015,6
US,34300.0,11.1,18.64,2.74,18.25,0.24,15.59,2015,7
US,34300.0,11.1,18.64,2.74,18.25,0.24,15.59,2015,8
US,34300.0,11.1,18.64,2.74,18.25,0.24,15.59,2015,9
US,34300.0,11.1,18.64,2.74,18.25,0.24,15.59,2015,10
US,34300.0,11.1,18.64,2.74,18.25,0.24,15.59,2015,11
US,34300.0,11.1,18.64,2.74,18.25,0.24,15.59,2015,12
US,34300.0,11.1,18.64,2.74,18.25,0.24,15.59,2016,1
US,34300.0,11.1,18.64,2.74,18.25,0.24,15.59,2016,2
US,34300.0,11.1,18.64,2.74,18.25,0.24,15.59,2016,3
US,34300.0,11.1,18.64,2.74,18.25,0.24,15.59,2016,4
US,34300.0,11.1,18.64,2.74,18.25,0.24,15.59,2016,5
US,34300.0,11.1,18.64,2.74,18.25,0.24,15.59,2016,6
US,34300.0,11.1,18.64,2.74,18.25,0.24,15.59,2016,7
US,34300.0,11.1,18.64,2.74,18.25,0.24,15.59,2016,8
US,34300.0,11.1,18.64,2.74,18.25,0.24,15.59,2016,9
US,34300.0,11.1,18.64,2.74,18.25,0.24,15.59,2016,10
US,34300.0,11.1,18.64,2.74,18.25,0.24,15.59,2016,11
US,34300.0,11.1,18.64,2.74,18.25,0.24,15.59,2016,12
US,34300.0,11.1,18.64,2.74,18.25,0.24,15.59,2017,1
US,34300.0,11.1,18.64,2.74,18.25,0.24,15.59,2017,2
US,34300.0,11.1,18.64,2.74,18.25,0.24,15.59,2017,3
US,34300.0,11.1,18.64,2.74,18.25,0.24,15.59,2017,4
US,34300.0,11.1,18.64,2.74,18.25,0.24,15.59,2017,5
US,34300.0,11.1,18.64,2.74,18.25,0.24,15.59,2017,6
US,34300.0,11.1,18.64,2.74,18.25,0.24,15.59,2017,7
US,34300.0,11.1,18.64,2.74,18.25,0.24,15.59,2017,8
US,34300.0,11.1,18.64,2.74,18.25,0.24,15.59,2017,9
US,34300.0,11.1,18.64,2.74,18.25,0.24,15.59,2017,10
US,34300.0,11.1,18.64,2.74,18.25,0.24,15.59,2017,11
US,34300.0,11.1,18.64,2.74,18.25,0.24,15.59,2017,12
US,34300.0,11.1,18.64,2.74,18.25,0.24,15.59,2018,1
US,34300.0,11.1,18.64,2.74,18.25,0.24,15.59,2018,2
US,34300.0,11.1,18.64,2.74,18.25,0.24,15.59,2018,3
US,34300.0,11.1,18.64,2.74,18.25,0.24,15.59,2018,4
US,34300.0,11.1,18.64,2.74,18.25,0.24,15.59,2018,5
US,34300.0,11.1,18.64,2.74,18.25,0.24,15.59,2018,6
US,34300.0,11.1,18.64,2.74,18.25,0.24,15.59,2018,7
US,34300.0,11.1,18.64,2.74,18.25,0.24,15.59,2018,8
US,34300.0,11.1,18.64,2.74,18.25,0.24,15.59,2018,9
US,34300.0,11.1,18.64,2.74,18.25,0.24,15.59,2018,10
US,34300.0,11.1,18.64,2.74,18.25,0.24,15.59,2018,11
US,34300.0,11.1,18.64,2.74,18.25,0.24,15.59,2018,12
VX,4102.0,15.68,12.19,7.33,40.0,0.35,23.2,2009,1
VX,4102.0,15.68,12.19,7.33,40.0,0.35,23.2,2009,2
VX,4102.0,15.68,12.19,7.33,40.0,0.35,23.2,2009,3
VX,4102.0,15.68,12.19,7.33,40.0,0.35,23.2,2009,4
VX,4102.0,15.68,12.19,7.33,40.0,0.35,23.2,2009,5
VX,4102.0,15.68,12.19,7.33,40.0,0.35,23.2,2009,6
VX,4102.0,15.68,12.19,7.33,40.0,0.35,23.2,2009,7
VX,4102.0,15.68,12.19,7.33,40.0,0.35,23.2,2009,8
VX,4102.0,15.68,12.19,7.33,40.0,0.35,23.2,2009,9
VX,4102.0,15.68,12.19,7.33,40.0,0.35,23.2,2009,10
VX,4102.0,15.68,12.19,7.33,40.0,0.35,23.2,2009,11
VX,4102.0,15.68,12.19,7.33,40.0,0.35,23.2,2009,12
VX,4102.0,15.68,12.19,7.33,40.0,0.35,23.2,2010,1
VX,4102.0,15.68,12.19,7.33,40.0,0.35,23.2,2010,2
VX,4102.0,15.68,12.19,7.33,40.0,0.35,23.2,2010,3
VX,4102.0,15.68,12.19,7.33,40.0,0.35,23.2,2010,4
VX,4102.0,15.68,12.19,7.33,40.0,0.35,23.2,2010,5
VX,4102.0,15.68,12.19,7.33,40.0,0.35,23.2,2010,6
VX,4102.0,15.68,12.19,7.33,40.0,0.35,23.2,2010,7
VX,4102.0,15.68,12.19,7.33,40.0,0.35,23.2,2010,8
VX,4102.0,15.68,12.19,7.33,40.0,0.35,23.2,2010,9
VX,4102.0,15.68,12.19,7.33,40.0,0.35,23.2,2010,10
VX,4102.0,15.68,12.19,7.33,40.0,0.35,23.2,2010,11
VX,4102.0,15.68,12.19,7.33,40.0,0.35,23.2,2010,12
VX,4102.0,15.68,12.19,7.33,40.0,0.35,23.2,2011,1
VX,4102.0,15.68,12.19,7.33,40.0,0.35,23.2,2011,2
VX,4102.0,15.68,12.19,7.33,40.0,0.35,23.2,2011,3
VX,4102.0,15.68,12.19,7.33,40.0,0.35,23.2,2011,4
VX,4102.0,15.68,12.19,7.33,40.0,0.35,23.2,2011,5
VX,4102.0,15.68,12.19,7.33,40.0,0.35,23.2,2011,6
VX,4102.0,15.68,12.19,7.33,40.0,0.35,23.2,2011,7
VX,4102.0,15.68,12.19,7.33,40.0,0.35,23.2,2011,8
VX,4102.0,15.68,12.19,7.33,40.0,0.35,23.2,2011,9
VX,4102.0,15.68,12.19,7.33,40.0,0.35,23.2,2011,10
VX,4102.0,15.68,12.19,7.33,40.0,0.35,23.2,2011,11
VX,4102.0,15.68,12.19,7.33,40.0,0.35,23.2,2011,12
VX,4102.0,15.68,12.19,7.33,40.0,0.35,23.2,2012,1
VX,3849.0,5.25,11.04,7.38,18.64,0.08,11.64,2012,2
VX,4376.0,23.29,9.11,6.5,44.68,0.08,26.78,2012,3
VX,4443.0,9.59,7.2,6.13,28.61,0.03,19.64,2012,4
VX,4716.0,7.35,10.46,7.21,21.18,0.05,14.73,2012,5
VX,4749.0,15.86,10.48,4.76,39.42,0.1,29.37,2012,6
VX,5030.0,13.92,13.12,3.41,31.82,0.17,23.56,2012,7
VX,5061.0,11.41,10.93,2.92,32.09,0.05,19.15,2012,8
VX,4629.0,9.35,7.75,3.97,31.02,0.03,12.49,2012,9
VX,4559.0,9.31,8.22,4.32,27.02,0.08,14.94,2012,10
VX,4575.0,12.6,9.12,3.56,51.1,0.1,20.9,2012,11
VX,4653.0,15.62,9.9,4.5,38.96,0.17,23.5,2012,12
VX,4230.0,3.95,10.62,5.4,19.75,0.12,12.23,2013,1
VX,3758.0,7.22,13.01,4.14,24.66,0.0,15.86,2013,2
VX,4303.0,8.08,9.09,5.66,28.85,0.17,15.32,2013,3
VX,4554.0,13.37,8.71,3.81,32.85,0.07,18.75,2013,4
VX,5128.0,14.22,10.6,5.6,25.44,0.06,21.33,2013,5
VX,5105.0,25.0,10.79,3.38,40.39,0.09,29.74,2013,6
VX,5332.0,30.24,11.63,3.0,47.79,0.06,32.99,2013,7
VX,5210.0,12.89,9.49,2.14,26.2,0.08,18.6,2013,8
VX,4759.0,10.0,7.64,4.04,30.43,0.04,21.69,2013,9
VX,4931.0,8.6,10.95,2.47,29.14,0.13,24.38,2013,10
VX,4805.0,9.33,12.79,3.79,22.85,8.36,21.86,2013,11
VX,5018.0,6.81,12.12,11.01,10.92,0.12,11.85,2013,12
VX,4810.0,9.41,12.34,6.92,19.0,0.05,20.04,2014,1
VX,4237.0,24.23,10.3,4.55,49.69,0.3,35.86,2014,2
VX,4712.0,8.54,9.87,3.3,25.92,0.07,20.69,2014,3
VX,4857.0,9.99,10.36,3.92,33.53,0.08,19.94,2014,4
VX,4974.0,11.51,8.02,6.97,26.96,0.28,18.11,2014,5
VX,4954.0,9.83,10.79,3.58,25.36,0.09,14.64,2014,6
VX,5085.0,11.78,8.33,3.49,29.97,0.18,15.61,2014,7
VX,4889.0,8.01,11.26,3.25,17.79,0.13,14.33,2014,8
VX,4554.0,8.83,9.9,4.25,23.29,0.18,15.83,2014,9
VX,4722.0,10.6,12.09,3.41,26.09,0.24,19.28,2014,10
VX,4723.0,11.43,7.32,4.36,31.96,0.05,20.15,2014,11
VX,4993.0,24.75,9.16,4.27,40.21,0.21,25.87,2014,12
VX,4731.0,9.88,13.23,5.23,19.72,0.2,16.06,2015,1
VX,4223.0,15.13,10.89,4.39,28.45,0.02,25.43,2015,2
VX,4873.0,12.93,12.46,3.87,20.9,0.09,22.83,2015,3
VX,4915.0,8.39,10.15,5.21,16.17,0.03,18.28,2015,4
VX,5236.0,13.09,8.49,3.04,21.96,0.07,20.23,2015,5
VX,5260.0,11.01,12.3,3.71,19.28,0.09,20.4,2015,6
VX,5411.0,12.06,9.34,2.23,20.43,0.28,19.72,2015,7
VX,5688.0,11.27,11.07,1.22,18.87,0.16,22.3,2015,8
VX,5154.0,6.27,11.55,2.38,15.46,0.14,14.57,2015,9
VX,5464.0,9.65,13.72,1.56,16.71,0.12,24.31,2015,10
VX,5414.0,8.6,14.17,2.7,13.56,0.26,17.73,2015,11
VX,5534.0,20.3,9.16,2.06,26.43,0.29,30.43,2015,12
VX,5384.0,15.87,10.88,1.91,25.93,0.07,24.01,2016,1
VX,4941.0,10.7,12.34,5.48,24.95,0.37,23.26,2016,2
VX,5635.0,17.34,10.11,1.94,27.07,0.12,26.02,2016,3
VX,5644.0,12.05,9.34,2.52,17.76,0.24,20.72,2016,4
VX,5847.0,13.99,12.76,2.5,18.12,0.09,22.36,2016,5
VX,5919.0,13.4,12.76,2.83,14.46,0.72,20.41,2016,6
VX,6100.0,13.66,13.09,2.79,18.96,0.09,20.77,2016,7
VX,6071.0,13.03,10.38,1.98,18.74,0.22,18.0,2016,8
VX,5726.0,8.63,10.58,3.03,15.49,0.62,18.11,2016,9
VX,5854.0,15.11,8.04,2.25,33.37,0.13,22.48,2016,10
VX,5917.0,9.33,10.44,3.31,16.51,0.06,16.82,2016,11
VX,6083.0,19.45,11.68,4.45,20.58,0.16,29.29,2016,12
VX,5782.0,20.14,9.31,3.34,25.09,0.04,24.72,2017,1
VX,5140.0,18.71,6.94,4.79,29.72,0.09,19.55,2017,2
VX,5817.0,18.79,7.92,2.29,25.34,0.1,22.1,2017,3
VX,5597.0,22.77,6.99,2.3,35.04,0.53,22.73,2017,4
VX,5894.0,24.08,7.39,0.61,29.81,0.13,22.78,2017,5
VX,5970.0,18.58,12.16,0.83,22.88,0.24,23.04,2017,6
VX,6135.0,13.01,9.92,1.67,22.44,0.19,18.62,2017,7
VX,6151.0,17.97,9.1,0.84,27.15,0.12,22.1,2017,8
VX,5808.0,10.39,10.87,1.11,23.42,0.34,18.65,2017,9
VX,6246.0,16.2,10.3,0.87,30.98,0.08,23.26,2017,10
VX,6135.0,10.19,10.26,1.44,22.92,0.37,16.97,2017,11
VX,6306.0,7.77,16.83,0.42,15.93,0.26,15.19,2017,12
VX,5824.0,8.18,14.3,0.84,23.63,0.3,11.01,2018,1
VX,5322.0,8.01,14.66,0.11,19.81,0.08,13.32,2018,2
VX,6524.0,15.87,16.48,0.59,25.43,0.28,16.71,2018,3
VX,6524.0,15.87,16.48,0.59,25.43,0.28,16.71,2018,4
VX,6524.0,15.87,16.48,0.59,25.43,0.28,16.71,2018,5
VX,6524.0,15.87,16.48,0.59,25.43,0.28,16.71,2018,6
VX,6524.0,15.87,16.48,0.59,25.43,0.28,16.71,2018,7
VX,6524.0,15.87,16.48,0.59,25.43,0.28,16.71,2018,8
VX,6524.0,15.87,16.48,0.59,25.43,0.28,16.71,2018,9
VX,6524.0,15.87,16.48,0.59,25.43,0.28,16.71,2018,10
VX,6524.0,15.87,16.48,0.59,25.43,0.28,16.71,2018,11
VX,6524.0,15.87,16.48,0.59,25.43,0.28,16.71,2018,12
WN,96109.0,9.05,10.5,2.41,7.39,0.12,24.72,2009,1
WN,86491.0,6.97,10.98,1.66,8.07,0.08,23.43,2009,2
WN,99384.0,9.94,10.96,2.53,6.84,0.12,28.45,2009,3
WN,96875.0,10.2,11.48,2.24,7.76,0.08,29.56,2009,4
WN,97696.0,9.87,11.79,1.85,7.47,0.12,26.1,2009,5
WN,96195.0,13.93,10.99,3.26,7.7,0.13,30.16,2009,6
WN,99070.0,11.68,12.07,2.11,6.14,0.09,24.04,2009,7
WN,95673.0,11.3,13.11,2.45,7.47,0.14,26.76,2009,8
WN,179538.0,6.91,12.79,1.44,5.67,0.06,21.03,2009,9
WN,134580.5,6.2,13.53,1.35,5.88,0.05,20.72,2009,10
WN,89623.0,5.48,14.27,1.26,6.09,0.04,20.42,2009,11
WN,92293.0,16.06,12.18,2.15,6.97,0.15,27.58,2009,12
WN,90103.0,11.4,12.22,2.2,7.23,0.18,24.35,2010,1
WN,82509.0,10.5,12.13,2.42,7.48,0.13,25.05,2010,2
WN,95409.0,12.04,13.55,1.58,5.75,0.14,24.99,2010,3
WN,94136.0,9.18,13.45,1.45,4.94,0.19,22.47,2010,4
WN,97189.0,11.96,12.43,2.29,6.27,0.09,27.16,2010,5
WN,96955.0,14.25,13.01,3.19,6.55,0.06,29.49,2010,6
WN,98853.0,13.83,13.65,2.12,6.16,0.15,27.66,2010,7
WN,97615.0,10.82,12.72,1.73,5.96,0.09,24.11,2010,8
WN,91513.0,7.85,11.14,1.29,7.15,0.05,21.16,2010,9
WN,94734.0,13.27,12.63,1.16,5.69,0.13,24.27,2010,10
WN,91374.0,11.99,13.12,0.78,4.49,0.08,22.11,2010,11
WN,94097.0,19.32,13.83,1.36,5.03,0.18,27.5,2010,12
WN,93373.0,14.33,12.84,1.11,4.95,0.22,23.72,2011,1
WN,85277.0,14.03,12.37,1.3,6.57,0.18,27.21,2011,2
WN,99857.0,12.91,13.1,1.57,6.58,0.12,28.94,2011,3
WN,98224.0,15.37,14.73,1.61,6.24,0.17,31.23,2011,4
WN,99942.0,15.52,13.63,2.79,6.93,0.12,31.4,2011,5
WN,201192.0,12.86,13.04,2.38,6.23,0.16,29.74,2011,6
WN,150783.0,12.1,13.12,2.66,7.08,0.15,29.7,2011,7
WN,100374.0,11.33,13.2,2.95,7.93,0.13,29.65,2011,8
WN,93019.0,10.46,12.23,2.35,7.18,0.15,28.33,2011,9
WN,97171.0,9.02,13.01,1.7,6.36,0.13,25.44,2011,10
WN,91367.0,7.72,13.51,1.59,6.24,0.16,23.45,2011,11
WN,94143.0,8.28,12.97,1.58,6.76,0.13,23.22,2011,12
WN,90974.0,8.17,13.66,2.96,9.13,0.08,24.39,2012,1
WN,87240.0,6.56,14.58,1.53,6.71,0.11,21.21,2012,2
WN,98554.0,9.1,13.31,2.13,7.25,0.09,23.82,2012,3
WN,96675.0,8.27,16.8,1.43,5.32,0.16,24.01,2012,4
WN,98987.0,10.05,15.7,1.74,6.02,0.17,24.32,2012,5
WN,98766.0,12.53,15.2,1.68,6.25,0.1,26.14,2012,6
WN,102302.0,14.25,14.44,2.45,6.91,0.1,28.03,2012,7
WN,98395.0,13.02,14.15,2.34,7.13,0.12,27.9,2012,8
WN,89927.0,8.37,11.92,2.4,8.39,0.15,24.84,2012,9
WN,96036.0,9.92,13.25,1.41,7.22,0.13,23.35,2012,10
WN,90231.0,9.62,15.09,1.74,6.22,0.11,26.51,2012,11
WN,92448.0,15.26,14.08,1.73,6.12,0.2,26.3,2012,12
WN,89169.0,8.48,13.17,1.4,7.36,0.14,18.57,2013,1
WN,83115.0,8.03,12.34,1.79,7.04,0.11,18.95,2013,2
WN,99142.0,11.33,11.91,2.05,7.46,0.11,24.67,2013,3
WN,97198.0,12.09,10.82,2.19,8.14,0.15,25.34,2013,4
WN,98821.0,12.68,12.04,2.51,7.98,0.1,26.03,2013,5
WN,97405.0,17.26,14.26,2.79,7.9,0.08,29.2,2013,6
WN,100309.0,13.85,12.92,2.32,7.76,0.1,25.45,2013,7
WN,96559.0,14.57,12.47,1.68,6.71,0.06,24.83,2013,8
WN,89994.0,13.06,11.86,1.83,6.55,0.08,24.66,2013,9
WN,94475.0,11.9,11.3,0.93,5.92,0.07,21.18,2013,10
WN,89614.0,12.72,12.99,1.26,5.73,0.08,23.67,2013,11
WN,94903.0,23.75,13.43,0.83,5.51,0.1,26.31,2013,12
WN,91564.0,23.17,17.61,1.67,6.95,0.09,33.8,2014,1
WN,84581.0,16.26,13.54,1.41,6.66,0.04,26.07,2014,2
WN,101382.0,15.33,13.42,0.91,5.58,0.03,25.7,2014,3
WN,99109.0,14.72,13.4,0.95,5.61,0.03,25.7,2014,4
WN,100659.0,17.76,14.45,2.04,6.34,0.04,29.7,2014,5
WN,102043.0,21.0,15.33,2.21,6.49,0.04,32.01,2014,6
WN,105427.0,19.4,16.96,2.29,5.89,0.02,30.79,2014,7
WN,99384.0,14.77,14.95,2.11,6.51,0.06,27.95,2014,8
WN,94721.0,11.34,14.03,1.93,8.51,0.09,25.92,2014,9
WN,99257.0,10.97,13.03,1.02,7.34,0.01,24.28,2014,10
WN,95628.0,11.04,14.56,1.12,6.62,0.06,25.6,2014,11
WN,100878.0,16.68,14.92,1.05,6.58,0.07,27.53,2014,12
WN,100042.0,11.4,14.67,1.48,6.91,0.04,24.93,2015,1
WN,90172.0,11.58,15.15,2.0,7.79,0.02,23.38,2015,2
WN,109245.0,11.83,17.06,1.45,6.58,0.09,25.6,2015,3
WN,106407.0,10.66,15.17,1.97,6.94,0.02,24.96,2015,4
WN,107702.0,13.58,15.98,3.24,6.86,0.03,28.45,2015,5
WN,109776.0,17.38,17.57,3.34,6.49,0.04,29.28,2015,6
WN,113650.0,17.0,16.98,1.99,6.89,0.04,30.6,2015,7
WN,108179.0,13.38,17.3,3.28,7.99,0.05,28.46,2015,8
WN,100645.0,7.42,15.92,2.51,7.98,0.1,22.39,2015,9
WN,104516.0,7.88,16.19,2.08,7.97,0.02,23.29,2015,10
WN,104045.0,9.59,15.63,1.7,7.2,0.08,22.36,2015,11
WN,107476.0,14.4,15.4,2.04,6.32,0.08,28.49,2015,12
WN,104154.0,8.64,15.33,1.73,7.15,0.08,22.22,2016,1
WN,97225.0,7.09,15.57,3.02,8.07,0.06,22.95,2016,2
WN,112003.0,10.06,12.71,2.19,8.47,0.06,23.82,2016,3
WN,107855.0,10.24,13.0,1.93,8.37,0.08,24.74,2016,4
WN,109847.0,10.55,12.36,2.83,7.98,0.08,25.23,2016,5
WN,112286.0,15.3,15.38,2.57,7.78,0.18,29.21,2016,6
WN,115208.0,18.79,18.92,3.2,7.95,0.05,32.6,2016,7
WN,110775.0,10.89,13.21,2.77,8.93,0.14,23.92,2016,8
WN,104083.0,7.76,12.94,1.88,8.59,0.04,21.95,2016,9
WN,108278.0,7.68,11.56,0.9,9.57,0.02,20.33,2016,10
WN,106924.0,7.64,11.96,1.33,8.6,0.14,20.3,2016,11
WN,110806.0,14.02,13.65,1.57,7.75,0.04,27.12,2016,12
WN,107785.0,12.79,11.74,2.18,9.7,0.03,25.66,2017,1
WN,95741.0,8.48,10.58,1.93,9.9,0.01,21.49,2017,2
WN,115144.0,9.73,10.92,1.74,9.05,0.04,22.54,2017,3
WN,112223.0,11.31,12.25,1.91,9.66,0.01,26.43,2017,4
WN,113239.0,13.02,12.52,1.96,9.31,0.03,25.89,2017,5
WN,115235.0,16.07,13.85,2.78,8.19,0.08,28.47,2017,6
WN,117975.0,14.69,13.47,2.77,7.92,0.05,27.02,2017,7
WN,116158.0,15.96,13.49,2.12,7.85,0.04,26.79,2017,8
WN,105614.0,9.28,13.7,1.92,8.22,0.03,24.46,2017,9
WN,110262.0,8.94,15.13,0.39,7.3,0.2,20.94,2017,10
WN,109016.0,8.44,17.61,0.66,5.91,0.39,23.33,2017,11
WN,111052.0,12.36,15.38,0.93,6.72,0.28,23.85,2017,12
WN,109676.0,9.92,14.04,0.81,8.88,0.13,21.55,2018,1
WN,97017.0,12.4,14.11,0.81,8.63,0.12,21.64,2018,2
WN,116420.0,12.32,15.78,0.82,7.06,0.16,23.62,2018,3
WN,114117.0,13.78,16.73,0.87,7.13,0.09,26.37,2018,4
WN,116849.0,15.08,15.96,1.58,8.59,0.12,27.55,2018,5
WN,115939.0,14.34,16.47,1.9,8.28,0.16,27.34,2018,6
WN,120114.0,16.22,16.69,2.27,9.17,0.16,27.84,2018,7
WN,115534.0,13.63,17.0,2.08,10.47,0.11,25.55,2018,8
WN,106972.0,9.2,15.69,1.92,10.2,0.38,22.96,2018,9
WN,114663.0,9.68,15.2,0.99,8.22,0.11,22.25,2018,10
WN,112224.0,11.21,16.32,1.09,7.55,0.12,23.45,2018,11
WN,113027.0,12.78,16.39,0.73,6.63,0.25,23.87,2018,12
XE,23242.0,9.06,10.77,2.44,30.46,0.13,12.52,2009,1
XE,21642.0,10.61,9.41,1.26,38.51,0.09,16.07,2009,2
XE,25291.0,15.0,12.03,4.02,30.73,0.13,18.16,2009,3
XE,24642.0,17.4,11.56,6.45,36.42,0.03,21.04,2009,4
XE,25292.0,10.81,11.36,1.09,30.33,0.05,20.33,2009,5
XE,28195.0,11.54,14.87,2.16,29.61,0.11,23.11,2009,6
XE,29711.0,12.16,13.1,4.43,27.26,0.07,21.66,2009,7
XE,29632.0,9.81,14.67,2.73,26.42,0.19,20.2,2009,8
XE,48792.0,4.36,9.73,1.47,21.43,0.05,10.56,2009,9
XE,36907.5,5.32,10.4,1.19,23.62,0.06,13.09,2009,10
XE,25023.0,6.29,11.07,0.91,25.82,0.06,15.62,2009,11
XE,27898.0,15.22,11.23,4.0,21.69,0.2,19.04,2009,12
XE,27351.0,10.87,12.67,2.29,19.46,0.43,17.87,2010,1
XE,27142.0,11.84,13.99,3.05,16.54,0.23,16.53,2010,2
XE,32542.0,13.27,15.5,1.32,18.9,0.19,21.45,2010,3
XE,31153.0,7.08,11.19,1.15,16.2,0.12,16.14,2010,4
XE,33210.0,12.53,13.53,1.78,22.25,0.13,23.29,2010,5
XE,35112.0,16.48,14.21,1.98,17.01,0.18,27.65,2010,6
XE,36804.0,17.12,13.78,2.82,18.73,0.11,26.72,2010,7
XE,36081.0,8.69,13.57,1.73,16.88,0.14,21.62,2010,8
XE,31824.0,6.67,12.83,2.96,20.54,0.07,20.64,2010,9
XE,33728.0,7.27,13.46,0.64,22.83,0.04,19.13,2010,10
XE,29004.0,6.41,10.98,0.63,21.27,0.07,15.68,2010,11
XE,31126.0,14.87,15.47,2.08,19.08,0.1,23.37,2010,12
XE,27663.0,10.04,15.13,3.39,17.85,0.18,17.72,2011,1
XE,29789.0,17.34,23.24,2.68,15.71,0.05,27.32,2011,2
XE,37328.0,12.8,18.71,1.12,14.17,0.03,26.37,2011,3
XE,35833.0,17.16,16.97,1.21,19.23,0.05,26.45,2011,4
XE,36191.0,15.0,16.99,1.79,20.76,0.05,24.64,2011,5
XE,73308.0,15.48,19.29,1.49,15.52,0.17,26.77,2011,6
XE,55733.0,13.92,20.11,1.54,15.78,0.13,26.26,2011,7
XE,38158.0,12.36,20.93,1.6,16.04,0.09,25.74,2011,8
XE,33074.0,12.42,22.74,1.07,12.76,0.03,25.43,2011,9
XE,33667.0,10.72,22.92,1.47,12.87,0.07,24.18,2011,10
XE,31809.0,11.05,19.71,0.7,15.7,0.01,25.42,2011,11
XE,34607.0,15.58,20.69,2.78,14.27,0.03,29.78,2011,12
XE,34607.0,15.58,20.69,2.78,14.27,0.03,29.78,2012,1
XE,34607.0,15.58,20.69,2.78,14.27,0.03,29.78,2012,2
XE,34607.0,15.58,20.69,2.78,14.27,0.03,29.78,2012,3
XE,34607.0,15.58,20.69,2.78,14.27,0.03,29.78,2012,4
XE,34607.0,15.58,20.69,2.78,14.27,0.03,29.78,2012,5
XE,34607.0,15.58,20.69,2.78,14.27,0.03,29.78,2012,6
XE,34607.0,15.58,20.69,2.78,14.27,0.03,29.78,2012,7
XE,34607.0,15.58,20.69,2.78,14.27,0.03,29.78,2012,8
XE,34607.0,15.58,20.69,2.78,14.27,0.03,29.78,2012,9
XE,34607.0,15.58,20.69,2.78,14.27,0.03,29.78,2012,10
XE,34607.0,15.58,20.69,2.78,14.27,0.03,29.78,2012,11
XE,34607.0,15.58,20.69,2.78,14.27,0.03,29.78,2012,12
XE,34607.0,15.58,20.69,2.78,14.27,0.03,29.78,2013,1
XE,34607.0,15.58,20.69,2.78,14.27,0.03,29.78,2013,2
XE,34607.0,15.58,20.69,2.78,14.27,0.03,29.78,2013,3
XE,34607.0,15.58,20.69,2.78,14.27,0.03,29.78,2013,4
XE,34607.0,15.58,20.69,2.78,14.27,0.03,29.78,2013,5
XE,34607.0,15.58,20.69,2.78,14.27,0.03,29.78,2013,6
XE,34607.0,15.58,20.69,2.78,14.27,0.03,29.78,2013,7
XE,34607.0,15.58,20.69,2.78,14.27,0.03,29.78,2013,8
XE,34607.0,15.58,20.69,2.78,14.27,0.03,29.78,2013,9
XE,34607.0,15.58,20.69,2.78,14.27,0.03,29.78,2013,10
XE,34607.0,15.58,20.69,2.78,14.27,0.03,29.78,2013,11
XE,34607.0,15.58,20.69,2.78,14.27,0.03,29.78,2013,12
XE,34607.0,15.58,20.69,2.78,14.27,0.03,29.78,2014,1
XE,34607.0,15.58,20.69,2.78,14.27,0.03,29.78,2014,2
XE,34607.0,15.58,20.69,2.78,14.27,0.03,29.78,2014,3
XE,34607.0,15.58,20.69,2.78,14.27,0.03,29.78,2014,4
XE,34607.0,15.58,20.69,2.78,14.27,0.03,29.78,2014,5
XE,34607.0,15.58,20.69,2.78,14.27,0.03,29.78,2014,6
XE,34607.0,15.58,20.69,2.78,14.27,0.03,29.78,2014,7
XE,34607.0,15.58,20.69,2.78,14.27,0.03,29.78,2014,8
XE,34607.0,15.58,20.69,2.78,14.27,0.03,29.78,2014,9
XE,34607.0,15.58,20.69,2.78,14.27,0.03,29.78,2014,10
XE,34607.0,15.58,20.69,2.78,14.27,0.03,29.78,2014,11
XE,34607.0,15.58,20.69,2.78,14.27,0.03,29.78,2014,12
XE,34607.0,15.58,20.69,2.78,14.27,0.03,29.78,2015,1
XE,34607.0,15.58,20.69,2.78,14.27,0.03,29.78,2015,2
XE,34607.0,15.58,20.69,2.78,14.27,0.03,29.78,2015,3
XE,34607.0,15.58,20.69,2.78,14.27,0.03,29.78,2015,4
XE,34607.0,15.58,20.69,2.78,14.27,0.03,29.78,2015,5
XE,34607.0,15.58,20.69,2.78,14.27,0.03,29.78,2015,6
XE,34607.0,15.58,20.69,2.78,14.27,0.03,29.78,2015,7
XE,34607.0,15.58,20.69,2.78,14.27,0.03,29.78,2015,8
XE,34607.0,15.58,20.69,2.78,14.27,0.03,29.78,2015,9
XE,34607.0,15.58,20.69,2.78,14.27,0.03,29.78,2015,10
XE,34607.0,15.58,20.69,2.78,14.27,0.03,29.78,2015,11
XE,34607.0,15.58,20.69,2.78,14.27,0.03,29.78,2015,12
XE,34607.0,15.58,20.69,2.78,14.27,0.03,29.78,2016,1
XE,34607.0,15.58,20.69,2.78,14.27,0.03,29.78,2016,2
XE,34607.0,15.58,20.69,2.78,14.27,0.03,29.78,2016,3
XE,34607.0,15.58,20.69,2.78,14.27,0.03,29.78,2016,4
XE,34607.0,15.58,20.69,2.78,14.27,0.03,29.78,2016,5
XE,34607.0,15.58,20.69,2.78,14.27,0.03,29.78,2016,6
XE,34607.0,15.58,20.69,2.78,14.27,0.03,29.78,2016,7
XE,34607.0,15.58,20.69,2.78,14.27,0.03,29.78,2016,8
XE,34607.0,15.58,20.69,2.78,14.27,0.03,29.78,2016,9
XE,34607.0,15.58,20.69,2.78,14.27,0.03,29.78,2016,10
XE,34607.0,15.58,20.69,2.78,14.27,0.03,29.78,2016,11
XE,34607.0,15.58,20.69,2.78,14.27,0.03,29.78,2016,12
XE,34607.0,15.58,20.69,2.78,14.27,0.03,29.78,2017,1
XE,34607.0,15.58,20.69,2.78,14.27,0.03,29.78,2017,2
XE,34607.0,15.58,20.69,2.78,14.27,0.03,29.78,2017,3
XE,34607.0,15.58,20.69,2.78,14.27,0.03,29.78,2017,4
XE,34607.0,15.58,20.69,2.78,14.27,0.03,29.78,2017,5
XE,34607.0,15.58,20.69,2.78,14.27,0.03,29.78,2017,6
XE,34607.0,15.58,20.69,2.78,14.27,0.03,29.78,2017,7
XE,34607.0,15.58,20.69,2.78,14.27,0.03,29.78,2017,8
XE,34607.0,15.58,20.69,2.78,14.27,0.03,29.78,2017,9
XE,34607.0,15.58,20.69,2.78,14.27,0.03,29.78,2017,10
XE,34607.0,15.58,20.69,2.78,14.27,0.03,29.78,2017,11
XE,34607.0,15.58,20.69,2.78,14.27,0.03,29.78,2017,12
XE,34607.0,15.58,20.69,2.78,14.27,0.03,29.78,2018,1
XE,34607.0,15.58,20.69,2.78,14.27,0.03,29.78,2018,2
XE,34607.0,15.58,20.69,2.78,14.27,0.03,29.78,2018,3
XE,34607.0,15.58,20.69,2.78,14.27,0.03,29.78,2018,4
XE,34607.0,15.58,20.69,2.78,14.27,0.03,29.78,2018,5
XE,34607.0,15.58,20.69,2.78,14.27,0.03,29.78,2018,6
XE,34607.0,15.58,20.69,2.78,14.27,0.03,29.78,2018,7
XE,34607.0,15.58,20.69,2.78,14.27,0.03,29.78,2018,8
XE,34607.0,15.58,20.69,2.78,14.27,0.03,29.78,2018,9
XE,34607.0,15.58,20.69,2.78,14.27,0.03,29.78,2018,10
XE,34607.0,15.58,20.69,2.78,14.27,0.03,29.78,2018,11
XE,34607.0,15.58,20.69,2.78,14.27,0.03,29.78,2018,12
YV,19418.0,13.4,32.13,5.07,14.16,0.05,11.03,2009,1
YV,18150.0,11.19,36.29,2.56,13.96,0.08,8.12,2009,2
YV,21139.0,13.43,35.43,4.32,15.37,0.16,6.28,2009,3
YV,20421.0,10.64,35.67,4.23,20.01,0.15,0.25,2009,4
YV,20714.0,10.13,31.65,4.16,21.61,0.11,0.07,2009,5
YV,21139.0,16.6,44.05,3.05,20.03,0.07,0.26,2009,6
YV,21792.0,12.42,41.47,2.8,14.5,0.16,0.24,2009,7
YV,21420.0,12.42,38.91,3.91,17.44,0.1,0.36,2009,8
YV,39540.0,7.85,39.88,9.87,10.13,0.14,0.22,2009,9
YV,29556.5,7.33,38.8,6.6,10.4,0.1,0.15,2009,10
YV,19573.0,6.81,37.73,3.33,10.68,0.06,0.08,2009,11
YV,19754.0,16.68,37.49,8.03,20.56,0.12,0.35,2009,12
YV,18423.0,10.23,36.59,8.3,12.76,0.14,0.23,2010,1
YV,15563.0,10.16,17.0,2.83,13.76,0.18,21.8,2010,2
YV,16442.0,8.65,18.85,1.91,13.29,0.13,20.41,2010,3
YV,15813.0,6.8,21.13,0.97,12.18,0.13,20.39,2010,4
YV,13815.0,8.83,18.32,1.82,13.35,0.13,23.23,2010,5
YV,13694.0,10.71,20.01,1.26,12.89,0.14,24.97,2010,6
YV,14008.0,10.15,16.03,1.71,11.18,0.14,27.79,2010,7
YV,14055.0,8.35,16.61,2.17,11.18,0.12,26.82,2010,8
YV,12755.0,5.0,17.55,0.7,9.53,0.2,21.55,2010,9
YV,13518.0,6.12,10.5,0.66,11.68,0.07,33.75,2010,10
YV,12986.0,4.83,16.71,0.81,9.38,0.2,19.52,2010,11
YV,13725.0,10.15,14.97,1.91,10.94,0.04,27.76,2010,12
YV,13429.0,8.46,15.49,2.24,10.93,0.04,29.32,2011,1
YV,12058.0,8.27,15.15,1.76,11.12,0.15,28.75,2011,2
YV,13761.0,7.84,16.23,1.15,11.36,0.06,24.82,2011,3
YV,13037.0,9.71,15.64,2.42,8.44,0.07,31.43,2011,4
YV,13410.0,8.77,0.0,0.0,8.82,0.0,53.28,2011,5
YV,27122.0,13.03,27.95,2.75,7.21,0.11,30.47,2011,6
YV,20475.5,11.63,22.66,14.14,7.52,0.06,23.13,2011,7
YV,13829.0,10.23,17.36,25.54,7.84,0.0,15.79,2011,8
YV,12399.0,8.24,20.54,2.0,10.31,0.12,28.09,2011,9
YV,12602.0,6.31,22.03,1.11,7.89,0.14,22.89,2011,10
YV,11324.0,5.84,21.59,0.68,9.17,0.19,18.25,2011,11
YV,12694.0,5.64,20.42,1.68,7.98,0.16,16.41,2011,12
YV,11940.0,7.16,8.77,0.26,11.95,0.01,24.14,2012,1
YV,11095.0,5.32,11.44,1.21,9.52,0.11,25.99,2012,2
YV,11975.0,7.77,16.66,4.1,7.34,0.14,28.49,2012,3
YV,11266.0,5.25,18.42,1.03,7.54,0.19,20.77,2012,4
YV,11582.0,7.61,18.74,3.91,10.96,0.24,20.73,2012,5
YV,11696.0,7.26,31.03,1.14,7.06,0.11,16.53,2012,6
YV,11110.0,11.53,13.91,1.52,10.17,0.12,35.06,2012,7
YV,11392.0,11.43,18.45,1.45,8.64,0.1,32.57,2012,8
YV,10193.0,7.26,18.77,3.32,9.36,0.2,21.27,2012,9
YV,10773.0,7.73,21.41,1.93,7.9,0.21,25.56,2012,10
YV,10367.0,6.82,19.07,2.08,6.79,0.12,30.48,2012,11
YV,10587.0,9.06,16.58,1.84,7.18,0.05,26.99,2012,12
YV,10647.0,10.78,16.95,2.86,10.19,0.03,34.13,2013,1
YV,9704.0,9.09,16.06,2.36,9.99,0.27,27.79,2013,2
YV,11397.0,8.87,13.22,2.34,7.91,0.08,28.82,2013,3
YV,11263.0,12.24,11.94,0.64,8.54,0.07,39.48,2013,4
YV,12051.0,16.82,18.41,2.27,7.67,0.23,42.53,2013,5
YV,12165.0,18.68,14.07,6.1,9.15,0.37,37.89,2013,6
YV,13209.0,15.76,16.3,1.08,10.16,0.21,34.01,2013,7
YV,13020.0,13.34,16.7,0.57,8.29,0.25,32.51,2013,8
YV,11655.0,8.28,20.11,4.02,8.6,0.26,25.26,2013,9
YV,12256.0,8.91,19.84,1.61,8.27,0.21,23.41,2013,10
YV,11656.0,10.1,16.21,2.67,8.48,0.39,29.64,2013,11
YV,11899.0,12.29,20.67,2.87,9.71,0.14,22.0,2013,12
YV,11989.9,12.3,20.84,2.9,9.74,0.14,22.03,2014,1
YV,12080.8,12.31,21.0,2.93,9.77,0.14,22.06,2014,2
YV,12171.69,12.32,21.17,2.95,9.79,0.14,22.08,2014,3
YV,12262.59,12.33,21.33,2.98,9.82,0.14,22.11,2014,4
YV,12353.49,12.34,21.5,3.01,9.85,0.14,22.14,2014,5
YV,12444.39,12.35,21.66,3.04,9.88,0.14,22.17,2014,6
YV,12535.29,12.36,21.83,3.06,9.9,0.14,22.19,2014,7
YV,12626.18,12.37,21.99,3.09,9.93,0.14,22.22,2014,8
YV,12717.08,12.39,22.16,3.12,9.96,0.13,22.25,2014,9
YV,12807.98,12.4,22.32,3.15,9.99,0.13,22.28,2014,10
YV,12898.88,12.41,22.49,3.17,10.01,0.13,22.31,2014,11
YV,12989.78,12.42,22.65,3.2,10.04,0.13,22.33,2014,12
YV,13080.67,12.43,22.82,3.23,10.07,0.13,22.36,2015,1
YV,13171.57,12.44,22.98,3.26,10.1,0.13,22.39,2015,2
YV,13262.47,12.45,23.15,3.28,10.12,0.13,22.42,2015,3
YV,13353.37,12.46,23.31,3.31,10.15,0.13,22.44,2015,4
YV,13444.27,12.47,23.48,3.34,10.18,0.13,22.47,2015,5
YV,13535.16,12.48,23.65,3.37,10.21,0.13,22.5,2015,6
YV,13626.06,12.49,23.81,3.39,10.23,0.13,22.53,2015,7
YV,13716.96,12.5,23.98,3.42,10.26,0.13,22.56,2015,8
YV,13807.86,12.51,24.14,3.45,10.29,0.13,22.58,2015,9
YV,13898.76,12.52,24.31,3.48,10.32,0.13,22.61,2015,10
YV,13989.65,12.53,24.47,3.5,10.34,0.13,22.64,2015,11
YV,14080.55,12.54,24.64,3.53,10.37,0.13,22.67,2015,12
YV,14171.45,12.56,24.8,3.56,10.4,0.12,22.69,2016,1
YV,14262.35,12.57,24.97,3.59,10.43,0.12,22.72,2016,2
YV,14353.24,12.58,25.13,3.61,10.45,0.12,22.75,2016,3
YV,14444.14,12.59,25.3,3.64,10.48,0.12,22.78,2016,4
YV,14535.04,12.6,25.46,3.67,10.51,0.12,22.8,2016,5
YV,14625.94,12.61,25.63,3.7,10.54,0.12,22.83,2016,6
YV,14716.84,12.62,25.79,3.72,10.56,0.12,22.86,2016,7
YV,14807.73,12.63,25.96,3.75,10.59,0.12,22.89,2016,8
YV,14898.63,12.64,26.13,3.78,10.62,0.12,22.92,2016,9
YV,14989.53,12.65,26.29,3.81,10.65,0.12,22.94,2016,10
YV,15080.43,12.66,26.46,3.83,10.67,0.12,22.97,2016,11
YV,15171.33,12.67,26.62,3.86,10.7,0.12,23.0,2016,12
YV,15262.22,12.68,26.79,3.89,10.73,0.12,23.03,2017,1
YV,15353.12,12.69,26.95,3.92,10.76,0.12,23.05,2017,2
YV,15444.02,12.7,27.12,3.94,10.78,0.12,23.08,2017,3
YV,15534.92,12.71,27.28,3.97,10.81,0.12,23.11,2017,4
YV,15625.82,12.73,27.45,4.0,10.84,0.11,23.14,2017,5
YV,15716.71,12.74,27.61,4.03,10.87,0.11,23.17,2017,6
YV,15807.61,12.75,27.78,4.05,10.89,0.11,23.19,2017,7
YV,15898.51,12.76,27.94,4.08,10.92,0.11,23.22,2017,8
YV,15989.41,12.77,28.11,4.11,10.95,0.11,23.25,2017,9
YV,16080.31,12.78,28.27,4.14,10.98,0.11,23.28,2017,10
YV,16171.2,12.79,28.44,4.16,11.0,0.11,23.3,2017,11
YV,16262.1,12.8,28.6,4.19,11.03,0.11,23.33,2017,12
YV,16353.0,12.81,28.77,4.22,11.06,0.11,23.36,2018,1
YV,14630.0,15.96,21.14,7.62,12.81,0.17,29.13,2018,2
YV,16075.0,7.85,25.41,4.03,9.15,0.19,20.88,2018,3
YV,16726.0,8.89,27.82,4.08,11.67,0.1,22.3,2018,4
YV,17866.0,12.44,23.71,6.61,12.73,0.06,32.12,2018,5
YV,18527.0,14.14,23.03,7.12,9.54,0.09,32.18,2018,6
YV,19702.0,17.16,21.48,7.87,11.19,0.07,32.27,2018,7
YV,19986.0,17.44,26.47,7.45,10.61,0.1,34.02,2018,8
YV,18926.0,19.47,24.64,7.56,10.47,0.5,35.1,2018,9
YV,19306.0,18.65,25.87,6.89,11.18,0.2,33.54,2018,10
YV,18465.0,14.33,24.83,3.6,8.72,0.08,28.11,2018,11
YV,18576.0,16.49,27.29,6.37,11.0,0.09,29.9,2018,12
YX,25212.0,11.5,14.78,5.2,19.08,0.05,22.2,2009,1
YX,25212.0,11.5,14.78,5.2,19.08,0.05,22.2,2009,2
YX,25212.0,11.5,14.78,5.2,19.08,0.05,22.2,2009,3
YX,25212.0,11.5,14.78,5.2,19.08,0.05,22.2,2009,4
YX,25212.0,11.5,14.78,5.2,19.08,0.05,22.2,2009,5
YX,25212.0,11.5,14.78,5.2,19.08,0.05,22.2,2009,6
YX,25212.0,11.5,14.78,5.2,19.08,0.05,22.2,2009,7
YX,25212.0,11.5,14.78,5.2,19.08,0.05,22.2,2009,8
YX,25212.0,11.5,14.78,5.2,19.08,0.05,22.2,2009,9
YX,25212.0,11.5,14.78,5.2,19.08,0.05,22.2,2009,10
YX,25212.0,11.5,14.78,5.2,19.08,0.05,22.2,2009,11
YX,25212.0,11.5,14.78,5.2,19.08,0.05,22.2,2009,12
YX,25212.0,11.5,14.78,5.2,19.08,0.05,22.2,2010,1
YX,25212.0,11.5,14.78,5.2,19.08,0.05,22.2,2010,2
YX,25212.0,11.5,14.78,5.2,19.08,0.05,22.2,2010,3
YX,25212.0,11.5,14.78,5.2,19.08,0.05,22.2,2010,4
YX,25212.0,11.5,14.78,5.2,19.08,0.05,22.2,2010,5
YX,25212.0,11.5,14.78,5.2,19.08,0.05,22.2,2010,6
YX,25212.0,11.5,14.78,5.2,19.08,0.05,22.2,2010,7
YX,25212.0,11.5,14.78,5.2,19.08,0.05,22.2,2010,8
YX,25212.0,11.5,14.78,5.2,19.08,0.05,22.2,2010,9
YX,25212.0,11.5,14.78,5.2,19.08,0.05,22.2,2010,10
YX,25212.0,11.5,14.78,5.2,19.08,0.05,22.2,2010,11
YX,25212.0,11.5,14.78,5.2,19.08,0.05,22.2,2010,12
YX,25212.0,11.5,14.78,5.2,19.08,0.05,22.2,2011,1
YX,25212.0,11.5,14.78,5.2,19.08,0.05,22.2,2011,2
YX,25212.0,11.5,14.78,5.2,19.08,0.05,22.2,2011,3
YX,25212.0,11.5,14.78,5.2,19.08,0.05,22.2,2011,4
YX,25212.0,11.5,14.78,5.2,19.08,0.05,22.2,2011,5
YX,25212.0,11.5,14.78,5.2,19.08,0.05,22.2,2011,6
YX,25212.0,11.5,14.78,5.2,19.08,0.05,22.2,2011,7
YX,25212.0,11.5,14.78,5.2,19.08,0.05,22.2,2011,8
YX,25212.0,11.5,14.78,5.2,19.08,0.05,22.2,2011,9
YX,25212.0,11.5,14.78,5.2,19.08,0.05,22.2,2011,10
YX,25212.0,11.5,14.78,5.2,19.08,0.05,22.2,2011,11
YX,25212.0,11.5,14.78,5.2,19.08,0.05,22.2,2011,12
YX,25212.0,11.5,14.78,5.2,19.08,0.05,22.2,2012,1
YX,25212.0,11.5,14.78,5.2,19.08,0.05,22.2,2012,2
YX,25212.0,11.5,14.78,5.2,19.08,0.05,22.2,2012,3
YX,25212.0,11.5,14.78,5.2,19.08,0.05,22.2,2012,4
YX,25212.0,11.5,14.78,5.2,19.08,0.05,22.2,2012,5
YX,25212.0,11.5,14.78,5.2,19.08,0.05,22.2,2012,6
YX,25212.0,11.5,14.78,5.2,19.08,0.05,22.2,2012,7
YX,25212.0,11.5,14.78,5.2,19.08,0.05,22.2,2012,8
YX,25212.0,11.5,14.78,5.2,19.08,0.05,22.2,2012,9
YX,25212.0,11.5,14.78,5.2,19.08,0.05,22.2,2012,10
YX,25212.0,11.5,14.78,5.2,19.08,0.05,22.2,2012,11
YX,25212.0,11.5,14.78,5.2,19.08,0.05,22.2,2012,12
YX,25212.0,11.5,14.78,5.2,19.08,0.05,22.2,2013,1
YX,25212.0,11.5,14.78,5.2,19.08,0.05,22.2,2013,2
YX,25212.0,11.5,14.78,5.2,19.08,0.05,22.2,2013,3
YX,25212.0,11.5,14.78,5.2,19.08,0.05,22.2,2013,4
YX,25212.0,11.5,14.78,5.2,19.08,0.05,22.2,2013,5
YX,25212.0,11.5,14.78,5.2,19.08,0.05,22.2,2013,6
YX,25212.0,11.5,14.78,5.2,19.08,0.05,22.2,2013,7
YX,25212.0,11.5,14.78,5.2,19.08,0.05,22.2,2013,8
YX,25212.0,11.5,14.78,5.2,19.08,0.05,22.2,2013,9
YX,25212.0,11.5,14.78,5.2,19.08,0.05,22.2,2013,10
YX,25212.0,11.5,14.78,5.2,19.08,0.05,22.2,2013,11
YX,25212.0,11.5,14.78,5.2,19.08,0.05,22.2,2013,12
YX,25212.0,11.5,14.78,5.2,19.08,0.05,22.2,2014,1
YX,25212.0,11.5,14.78,5.2,19.08,0.05,22.2,2014,2
YX,25212.0,11.5,14.78,5.2,19.08,0.05,22.2,2014,3
YX,25212.0,11.5,14.78,5.2,19.08,0.05,22.2,2014,4
YX,25212.0,11.5,14.78,5.2,19.08,0.05,22.2,2014,5
YX,25212.0,11.5,14.78,5.2,19.08,0.05,22.2,2014,6
YX,25212.0,11.5,14.78,5.2,19.08,0.05,22.2,2014,7
YX,25212.0,11.5,14.78,5.2,19.08,0.05,22.2,2014,8
YX,25212.0,11.5,14.78,5.2,19.08,0.05,22.2,2014,9
YX,25212.0,11.5,14.78,5.2,19.08,0.05,22.2,2014,10
YX,25212.0,11.5,14.78,5.2,19.08,0.05,22.2,2014,11
YX,25212.0,11.5,14.78,5.2,19.08,0.05,22.2,2014,12
YX,25212.0,11.5,14.78,5.2,19.08,0.05,22.2,2015,1
YX,25212.0,11.5,14.78,5.2,19.08,0.05,22.2,2015,2
YX,25212.0,11.5,14.78,5.2,19.08,0.05,22.2,2015,3
YX,25212.0,11.5,14.78,5.2,19.08,0.05,22.2,2015,4
YX,25212.0,11.5,14.78,5.2,19.08,0.05,22.2,2015,5
YX,25212.0,11.5,14.78,5.2,19.08,0.05,22.2,2015,6
YX,25212.0,11.5,14.78,5.2,19.08,0.05,22.2,2015,7
YX,25212.0,11.5,14.78,5.2,19.08,0.05,22.2,2015,8
YX,25212.0,11.5,14.78,5.2,19.08,0.05,22.2,2015,9
YX,25212.0,11.5,14.78,5.2,19.08,0.05,22.2,2015,10
YX,25212.0,11.5,14.78,5.2,19.08,0.05,22.2,2015,11
YX,25212.0,11.5,14.78,5.2,19.08,0.05,22.2,2015,12
YX,25212.0,11.5,14.78,5.2,19.08,0.05,22.2,2016,1
YX,25212.0,11.5,14.78,5.2,19.08,0.05,22.2,2016,2
YX,25212.0,11.5,14.78,5.2,19.08,0.05,22.2,2016,3
YX,25212.0,11.5,14.78,5.2,19.08,0.05,22.2,2016,4
YX,25212.0,11.5,14.78,5.2,19.08,0.05,22.2,2016,5
YX,25212.0,11.5,14.78,5.2,19.08,0.05,22.2,2016,6
YX,25212.0,11.5,14.78,5.2,19.08,0.05,22.2,2016,7
YX,25212.0,11.5,14.78,5.2,19.08,0.05,22.2,2016,8
YX,25212.0,11.5,14.78,5.2,19.08,0.05,22.2,2016,9
YX,25212.0,11.5,14.78,5.2,19.08,0.05,22.2,2016,10
YX,25212.0,11.5,14.78,5.2,19.08,0.05,22.2,2016,11
YX,25212.0,11.5,14.78,5.2,19.08,0.05,22.2,2016,12
YX,25212.0,11.5,14.78,5.2,19.08,0.05,22.2,2017,1
YX,25212.0,11.5,14.78,5.2,19.08,0.05,22.2,2017,2
YX,25212.0,11.5,14.78,5.2,19.08,0.05,22.2,2017,3
YX,25212.0,11.5,14.78,5.2,19.08,0.05,22.2,2017,4
YX,25212.0,11.5,14.78,5.2,19.08,0.05,22.2,2017,5
YX,25212.0,11.5,14.78,5.2,19.08,0.05,22.2,2017,6
YX,25212.0,11.5,14.78,5.2,19.08,0.05,22.2,2017,7
YX,25212.0,11.5,14.78,5.2,19.08,0.05,22.2,2017,8
YX,25212.0,11.5,14.78,5.2,19.08,0.05,22.2,2017,9
YX,25212.0,11.5,14.78,5.2,19.08,0.05,22.2,2017,10
YX,25212.0,11.5,14.78,5.2,19.08,0.05,22.2,2017,11
YX,25212.0,11.5,14.78,5.2,19.08,0.05,22.2,2017,12
YX,25212.0,11.5,14.78,5.2,19.08,0.05,22.2,2018,1
YX,23248.0,10.18,13.74,2.19,21.96,0.09,21.27,2018,2
YX,26928.0,8.79,13.4,2.14,17.33,0.05,21.31,2018,3
YX,26219.0,11.39,14.55,4.13,22.68,0.02,25.29,2018,4
YX,27398.0,11.92,14.41,4.34,23.58,0.05,23.99,2018,5
YX,27691.0,14.23,17.37,3.23,20.94,0.03,25.22,2018,6
YX,27536.0,14.61,14.54,3.85,27.17,0.02,26.76,2018,7
YX,28258.0,14.95,14.05,3.84,27.79,0.07,26.92,2018,8
YX,25617.0,10.67,12.15,3.06,26.28,0.02,23.42,2018,9
YX,26882.0,9.19,12.24,1.27,22.32,0.03,20.79,2018,10
YX,25462.0,11.4,14.14,2.19,21.32,0.06,23.3,2018,11
YX,25639.0,9.54,13.38,2.3,19.88,0.03,21.98,2018,12
